1,9780439023480
2,9780439554930
3,9780316015840
4,9780061120080
5,9780743273560
6,9780525478810
7,9780618260300
8,9780316769170
9,9781416524790
10,9780679783270
11,9781594480000
12,9780062024040
13,9780451524940
14,9780452284240
15,9780553296980
16,9780307269750
17,9780439023500
18,9780439655480
19,9780618346260
20,9780439023510
21,9780439358070
22,9780316166680
23,9780439064870
24,9780439139600
25,9780545010220
26,9780307277670
27,9780439785970
28,9780140283330
29,9780743477120
30,9780297859380
31,9780399155340
32,9780142000670
33,9780739326220
34,9781612130290
35,9780061122420
36,9780385732550
37,9780060764890
38,9780965818670
39,9780553588480
40,9780143038410
41,9780786838650
42,9780451529300
43,9780142437210
44,9780553816720
45,9780770430080
46,9781565125600
47,9780375831000
48,9780307347980
49,9780316160190
50,9780060513030
51,9781416914280
52,9780316160210
53,9780375826700
54,9780345391800
55,9780060929880
56,9780316067930
57,9780142001740
58,9780142437180
59,9780064410940
60,9781400032720
61,9781594633670
62,9780679879240
63,9780393978900
64,9780743454540
65,9780385333850
66,9780446675540
67,9781594489500
68,9780671027350
69,9780007442910
70,9780812550700
71,9780141439470
72,9780450040180
73,9780316068050
74,9780142402510
75,9780140280100
76,9780141439660
77,9780439244190
78,9780307275550
79,9780143039950
80,9780156012200
81,9780743247540
82,9780385486800
83,9780141439600
84,9780307348140
85,9780060256650
86,9780385338610
87,9780374500020
88,9780142414930
89,9780345418260
90,9780140385720
91,9780385737940
92,9780061234000
93,9780517189600
94,9780060531040
95,9780375751520
96,9780345803500
97,9780393970130
98,9780307269980
99,9781612130580
100,9780060786500
101,9780349113910
102,9780099408390
103,9780140449270
104,9780307265430
105,9780007524270
106,
107,9780446693810
108,9780440241420
109,9780451525260
110,9780553381700
111,9780143037150
112,9780670026610
113,9780684833390
114,9780751529810
115,9780312422160
116,9780143039560
117,9780440498060
118,9780143038090
119,9780385490820
120,9780385729340
121,
122,9780060987110
123,9780582418270
124,9780316098340
125,9780521618750
126,9780340839940
127,9780316346630
128,9781451648540
129,9780451163970
130,9780684830490
131,9780142000660
132,9781401308580
133,9780451528830
134,9781416914300
135,9780553573430
136,9780060759960
137,9780440242950
138,9780142437260
139,9781594744760
140,9780307270000
141,9780804139020
142,9780451207140
143,9781476746590
144,9781400064170
145,9780671027380
146,9780316055440
147,9781595141710
148,9780452287020
149,9780525421030
150,9780312353770
151,9780786856860
152,9780446528050
153,9781416914300
154,9780743477110
155,9780618346260
156,9780312321180
157,9780394800160
158,9780142403880
159,9781423101470
160,9780192833590
161,9780345339740
162,
163,9781423113390
164,9781250012580
165,9780553582020
166,9780525423640
167,9780747263750
168,9780385199580
169,9780446547570
170,9780552151700
171,9780141439590
172,9780345803920
173,9780393312840
174,9780964729230
175,9780739380340
176,9780451169520
177,9780143058140
178,9780061148510
179,9780007205230
180,9780553208850
181,9780679745590
182,9780316042670
183,9781416975860
184,9780141301070
185,9780385534640
186,9780743227440
187,9780689865380
188,
189,9780618640160
190,9780307592740
191,9780930289230
192,9780756404080
193,9780316017920
194,9780142437250
195,9780385340990
196,9780393327340
197,9780441008540
198,9780671727800
199,9780739461200
200,9780312330870
201,9780385504220
202,9781416989420
203,
204,9781561797460
205,9780345476880
206,9780062059930
207,9780312362090
208,9781400052170
209,9780099446780
210,9781595141740
211,9780316010660
212,9780385721790
213,9780553213690
214,9780141382890
215,9780307887440
216,9781554681720
217,9780739303400
218,9780425263910
219,9780066238500
220,9780316043140
221,9781558743660
222,9780752864330
223,9780786817870
224,9780385738930
225,9780142000660
226,9780307341560
227,9780385339090
228,9780312291630
229,9780451527740
230,9780192802640
231,9780312370830
232,9780452284690
233,9781400034680
234,9780141310890
235,9780399159340
236,9780385494790
237,9781416524300
238,9780312422270
239,9780307346600
240,9780385537860
241,9780440227530
242,9780446692630
243,9780450417400
244,9780307341550
245,9780439366780
246,9780312360270
247,9780743269510
248,9780743477540
249,9780618711660
250,9780375869020
251,9780394800010
252,9780312641890
253,9780316206850
254,9780545123270
255,9780452011880
256,9780143038250
257,9780517223630
258,9780143034900
259,9780385738750
260,9780671723650
261,9780767900390
262,9780399167060
263,9780590920680
264,9780743297330
265,9780061120080
266,9780446677390
267,9780312577220
268,9781400078780
269,9780786890750
270,9781844080380
271,9780156030300
272,9780552995870
273,9780812968060
274,9780451205770
275,9780525476890
276,9780553803720
277,9780062255660
278,9780060513060
279,9780751565360
280,9780061726840
281,9780385339700
282,9780061139380
283,9780060853980
284,9780140042600
285,9781476729080
286,9780446579930
287,9780451191150
288,9780425172900
289,9780380395870
290,9780307886260
291,9780375414500
292,9780061125270
293,9780753453800
294,9781423140600
295,9781451627280
296,9780241003010
297,9780140285600
298,9780451528550
299,9780849946160
300,9780385751060
301,9781892295490
302,9780446547600
303,9781582701710
304,9780060987560
305,9781416524340
306,9780671021010
307,9780756404730
308,9780440241900
309,9781442403540
310,9780743418170
311,9780380018180
312,9780060530920
313,9781451681730
314,9780439709100
315,9780091883770
316,9780307279460
317,9780553279380
318,9780061950730
319,9781442416860
320,9780316204280
321,9780375806810
322,9780060557810
323,9780571224390
324,
325,9780552135400
326,9780316182550
327,9780399256750
328,9780743496730
329,9781401323260
330,9780812511820
331,9780061150140
332,9780060764910
333,9780595440090
334,9780425263910
335,9780375814240
336,9780446696620
337,9780345453750
338,9780340896970
339,9780060775860
340,9780061969550
341,9780140275360
342,9780316228530
343,9780385339700
344,9780316777740
345,9780375840400
346,9780140621680
347,9780007202300
348,
349,9780450031070
350,9780679785900
351,9781416975880
352,9780062268340
353,9780743477550
354,9781400033420
355,9780152063960
356,9780439206470
357,9780449213940
358,9780679805270
359,9781594631760
360,9780345404470
361,9780141439750
362,9780060652890
363,9780525423270
364,9780007173040
365,9781401207920
366,9780743223130
367,9780553384280
368,9780679879250
369,9780439488400
370,9781423113390
371,9780441788380
372,9780965904830
373,9780141311370
374,9780767908180
375,9780439227150
376,9780385738770
377,9780061142020
378,9780618485220
379,9780670022410
380,9780375704020
381,9780446672210
382,9780525421580
383,9780307276900
384,9781595141750
385,9780307352150
386,9780440439880
387,9780142437340
388,9780689840920
389,9780765311790
390,9780451528960
391,9780679889110
392,9780810993140
393,9781599906960
394,9781595141970
395,9780684803360
396,9780345505330
397,9780140120840
398,9780060838580
399,9780747599880
400,9780441569600
401,9780099910110
402,9780553212280
403,9781590302260
404,9780385344230
405,9780385334200
406,9780874774240
407,9780060838720
408,9780739467350
409,9780375508420
410,9780385474540
411,9780385338690
412,9781881273160
413,
414,9781416589650
415,9780312532760
416,9780590032490
417,9780743298020
418,9781595142500
419,9781595141990
420,9780446676080
421,9780345521310
422,9780545044260
423,9780062059960
424,9780156001310
425,9781416914630
426,9780802130200
427,9781580495810
428,9781423140600
429,9780060855920
430,9781400079280
431,9780525945570
432,9780553803710
433,9780451216950
434,9781416989430
435,9780061726810
436,9780679457310
437,9780670024780
438,9780141043760
439,9780553380160
440,9780525951650
441,9781439148500
442,9780553380960
443,9780670061050
444,9780525467560
445,9780062060560
446,9781420925530
447,9780375826730
448,9780310277000
449,9780312360280
450,9780451457810
451,9781593082640
452,9780399162410
453,9780802142850
454,9780060245860
455,9780312323870
456,9780822210890
457,9780751537280
458,9780385353300
459,9781476738020
460,9781406321340
461,9781416500190
462,9780140135150
463,9780385335970
464,
465,9780743495660
466,9780345368580
467,9781594489590
468,9780061120060
469,9780439321600
470,9780316322410
471,9780141439810
472,9780807014300
473,9780670038600
474,9780618680010
475,9780525422940
476,9780345915600
477,9780515141430
478,9780375757330
479,9780937832390
480,9780440238160
481,9780765346520
482,9781439153670
483,9780316769020
484,9780385720920
485,9780374528380
486,9780375822740
487,9780060541810
488,9780451933030
489,9780001000390
490,9780394541560
491,9780312379830
492,9780812550760
493,9780684823780
494,9781400031700
495,9780375725780
496,9780553381670
497,9780439228910
498,9780192833980
499,9780679735780
500,9780613371650
501,9781400034770
502,9781582406720
503,9780451458000
504,9781590525140
505,9780842342700
506,9780062059990
507,9780545265360
508,9780805063900
509,9780593053900
510,9780812517730
511,9780743477150
512,9780385074070
513,9780553256700
514,9780192835090
515,9780553381540
516,9780312283000
517,9780802798240
518,9780805072460
519,9780689865400
520,9780965341980
521,9780739465520
522,9780375507250
523,9780767902890
524,9781844137880
525,9780061978070
526,9780307277890
527,9781841493010
528,9780765305110
529,9780141439500
530,9780743482750
531,9780393320980
532,9781401207530
533,9780062409850
534,9780316143480
535,9780316134030
536,9781409151170
537,9781400069290
538,9780679751530
539,9781301949820
540,9780142437020
541,9780142406250
542,9780439861370
543,9781595143070
544,9780064400020
545,9780380002560
546,9780060589460
547,9780375759240
548,9780060887310
549,9780670241330
550,9781594200820
551,9780316176480
552,9780446696130
553,9780450574580
554,9780385336000
555,9780393315060
556,9780307348240
557,9780747560590
558,9780441012180
559,9780141439590
560,9780192840390
561,9780394820380
562,9780765326360
563,9781841493020
564,9780786851970
565,9780765316880
566,
567,9780345525540
568,9781563893410
569,9780446617800
570,9781573225520
571,9780446696110
572,9780385721680
573,9780060574220
574,9780060899230
575,9780099244720
576,9780486266890
577,9780374480100
578,9782253147700
579,9780001713220
580,9780714833550
581,9780312642970
582,9780751532720
583,9781442426640
584,9780670020550
585,9781421501680
586,9780689875340
587,9780060529700
588,9780752863890
589,9780425266750
590,9780140439440
591,9780316013680
592,9780679760800
593,9780553383040
594,9780763616050
595,9780743253970
596,9780385339600
597,9780142437230
598,9780006480100
599,9780345418920
600,9780385739150
601,9780723247710
602,9780064405040
603,9780765316900
604,9780679746040
605,9780061173390
606,9780743278900
607,9781481426300
608,9780920668380
609,9781416524520
610,9780670025820
611,9780618391110
612,9780451210850
613,9780330449600
614,9780099428640
615,9780142501560
616,9780743275020
617,9780385523390
618,9780451528020
619,9780374275630
620,9780345350500
621,9780689841580
622,9780553813950
623,9781476754450
624,9780441014940
625,9780375706780
626,9780395389490
627,9780140544510
628,9780425134350
629,9780061124270
630,9780385349950
631,9780441013330
632,9780062085480
633,9780441783590
634,9780385342060
635,9781857993290
636,9780316134120
637,9780553278220
638,9780307592840
639,9780753454950
640,9780061015720
641,9780007202320
642,9780525950070
643,9780312360310
644,
645,9780060874160
646,9780140424390
647,9780312348650
648,9780375856110
649,9780307593310
650,9781840224020
651,9780060809250
652,9780441014910
653,9780156007760
654,9780374158460
655,9780142421710
656,9781423100030
657,9781416562600
658,9781841156740
659,9781921351430
660,9780060541840
661,9780689711730
662,9780618101370
663,9780060838650
664,9780679745660
665,9780345504970
666,9780060515200
667,9780670011940
668,9781594205710
669,9780553383800
670,9780451155760
671,9780646418440
672,9780425200450
673,9780307271080
674,9780446611080
675,9780451167800
676,9780425263920
677,9780307266310
678,9781616203210
679,9780590133370
680,9781585424340
681,9780060885370
682,9780765356150
683,9780446696140
684,9781423146730
685,9780061448770
686,9780446615860
687,9780743226720
688,9780330419120
689,9780061928120
690,9780307237700
691,9780743455960
692,9780312364080
693,9780345418980
694,9780312348670
695,9780316206880
696,9780345476880
697,9780062049800
698,9780374533570
699,9780760728500
700,9780743272490
701,9780151009980
702,9781843913730
703,9780671024240
704,9780786226740
705,9780451190760
706,9780140449070
707,9780060739490
708,9780060589290
709,9780316767730
710,9780316109700
711,9781416912040
712,9780385335980
713,9780399256770
714,9780743482770
715,9780435233080
716,9780446579930
717,9780545422900
718,
719,9780452287590
720,9781591164420
721,9781451666180
722,9780812513740
723,9781920769210
724,9780441015890
725,9780670032560
726,9780451188460
727,9780375408270
728,9780805047900
729,9780553283690
730,9780142000690
731,9780061007220
732,9780316125580
733,9780679764020
734,9780440174650
735,9780930289450
736,9780679732760
737,9780374105240
738,9780689862200
739,9780751514630
740,9780060529960
741,9780143035470
742,
743,9780380813810
744,9781577314810
745,9780399159020
746,9780553804680
747,9780064471830
748,9780441017160
749,9781439102760
750,9781620610080
751,9780345418910
752,9781619630630
753,9781932664090
754,9781416586290
755,9780061020680
756,9780373210080
757,9780671683900
758,9780393324820
759,9781595143170
760,9780765342410
761,9780385342020
762,9780340606510
763,9780452287070
764,9781416563690
765,9780345350690
766,9781563892270
767,9780345465080
768,9780380731860
769,9780553328260
770,9780198320270
771,9780307408850
772,9780140449140
773,9780743477570
774,9780312642980
775,9780066211310
776,9780714836260
777,9780767905180
778,9780451527880
779,9781400030650
780,9780836220890
781,9780689865400
782,9780543898080
783,9780312379830
784,9781401303270
785,9780425144370
786,9780060513090
787,9780061992700
788,9782020336470
789,9780553803720
790,9781878424500
791,9780743296430
792,9780394709310
793,9780744583270
794,9781476727650
795,9780140285670
796,
797,9781434768510
798,9780007173690
799,9780425188800
800,9780553213870
801,9780525951280
802,9780446563090
803,9781591826030
804,9780743482840
805,9781905654950
806,9780340829780
807,9780385351390
808,9780439813780
809,9780060776090
810,9781591169150
811,9780778316560
812,
813,9781250049380
814,9781905654580
815,9780375706680
816,9780007230200
817,9780064410340
818,9782226131900
819,9780691096120
820,9780571225380
821,9780446547660
822,9780224094150
823,9780312938990
824,9781580495940
825,9781400067110
826,9780143039100
827,
828,9780375714570
829,9781420925430
830,9780316084240
831,9780670010880
832,9780399151580
833,9780385339670
834,
835,9781569319000
836,9780812993300
837,9780307931890
838,9780312861870
839,9780743477570
840,9780440178000
841,9780451219370
842,9781619634440
843,9780345803570
844,9780689835680
845,9780545132050
846,9780151010260
847,9780140286270
848,9780345457370
849,9780060288140
850,9780374214910
851,9780743496320
852,
853,9780590452040
854,9780099285440
855,9780743482780
856,9780385732570
857,9780142401200
858,9780345539790
859,9780316033670
860,9780812474950
861,9781476712990
862,9780765326360
863,9780763600140
864,9780440221660
865,9780450042680
866,9781400064560
867,9780393328620
868,9780142402500
869,9781933372600
870,9780743270760
871,9780441018640
872,9780679720220
873,9780439206490
874,9781451621370
875,9780061214650
876,9780395150240
877,9780525457590
878,9780571212930
879,9781884365300
880,9780061662690
881,9780684853950
882,9780060748160
883,9781860498800
884,9781594747360
885,9780375727340
886,9780356500160
887,9780679732260
888,9780747532030
889,9780451218050
890,9780553803730
891,9780451458120
892,9780316204360
893,9781591169210
894,9780061020640
895,9781400078430
896,9780061124300
897,9781857231590
898,9780345419620
899,9781593081430
900,9780199291150
901,9780142001430
902,9780446612740
903,9780452281260
904,9781936305630
905,9780689707490
906,9781400068940
907,9780425227510
908,9780743496710
909,9781423140570
910,9780765348270
911,9780831727530
912,9780140255550
913,9780684818700
914,9780060510860
915,9788497597720
916,9780812971060
917,9780575079790
918,9780786851480
919,9780743225430
920,9781607747310
921,9780385755890
922,9780671011370
923,9780552562520
924,9780374203050
925,9780061120250
926,9781476789640
927,9780689865190
928,9780545424930
929,9780312865050
930,9781400062090
931,9780812995000
932,9780066620990
933,9780803734620
934,
935,9780439236200
936,9781416516930
937,9780440238610
938,9781480095530
939,9780062225440
940,9780525426580
941,9780312305060
942,9781623420020
943,9780316191300
944,9780451188460
945,9780385739160
946,9780385742890
947,9781444778520
948,9780375726410
949,9781857232100
950,9780803734970
951,9780099282650
952,9780385338710
953,9781416524530
954,9780316070520
955,9780440241810
956,9780393316050
957,9780545123280
958,76783609419
959,9780142437350
960,9780765302300
961,9780451529180
962,
963,9780385339100
964,9780345538380
965,9781461091110
966,9780446350980
967,9780450524680
968,9780316001920
969,9780374292800
970,9780385743560
971,9781558580090
972,9780553213970
973,9780061583250
974,9780679740670
975,9780393322230
976,9780793551610
977,9780812970070
978,9780670023490
979,9780345544930
980,9780441013810
981,9780786838930
982,9780812976140
983,9780812993550
984,9780140424390
985,9780393072240
986,9781416524300
987,9781406311520
988,9780765325940
989,9780553266310
990,9780307463750
991,9780525951990
992,9780739352360
993,9780679644190
994,9780312965780
995,
996,9780312966100
997,9781576469230
998,9780375829130
999,9780425193790
1000,9780805094600
1001,9780770437860
1002,9780399256780
1003,9782266079990
1004,9780525423290
1005,9780375703870
1006,9780062107060
1007,9781582346180
1008,9780061974560
1009,9781594488400
1010,9780836218050
1011,
1012,9781439152800
1013,9780696215320
1014,9780330491240
1015,9780140282580
1016,9780553817060
1017,9780670026620
1018,9780006480100
1019,9780345347950
1020,9780763625290
1021,9780060852560
1022,9781619630660
1023,9780812513750
1024,9780385342310
1025,9780785263710
1026,9780385340400
1027,9781423146740
1028,9781250069800
1029,9781607066020
1030,9780316126690
1031,9780099285040
1032,9781590385810
1033,9780064407690
1034,9780451458440
1035,9780743264730
1036,9781476717490
1037,9780385339090
1038,9780140348930
1039,9781594743340
1040,9780316154700
1041,9780679642430
1042,9780671746730
1043,9780810994740
1044,9780804138150
1045,9780062285680
1046,9781594206280
1047,9780061992250
1048,9780393050320
1049,9780765350370
1050,9781406310250
1051,9780312199430
1052,9780743296410
1053,9781416521500
1054,9780525423670
1055,9780099578510
1056,9781400049620
1057,9780440234750
1058,9781579126250
1059,9781416924980
1060,9781594201460
1061,9780440995780
1062,
1063,9780440241900
1064,9780141439620
1065,9780316349930
1066,9781416968240
1067,9780312966970
1068,9781573225790
1069,9780060889580
1070,9780385339160
1071,9780312857070
1072,9780312554160
1073,9780141439840
1074,9781857988840
1075,9782266047420
1076,9780062414210
1077,9781563899420
1078,9780142000280
1079,9780446671000
1080,9780803736990
1081,9780525952920
1082,9780385352110
1083,9780330418360
1084,9781406792390
1085,9788129104600
1086,9780425197550
1087,9780375836670
1088,9780141439660
1089,9780060855900
1090,9780385603100
1091,9780380718340
1092,9780385537130
1093,9780312650250
1094,9781583485100
1095,
1096,9780713998950
1097,9780800759490
1098,9781455520660
1099,9780679776190
1100,9780312995060
1101,9780743496740
1102,9780312423800
1103,9780446613350
1104,9781101946340
1105,9780441172700
1106,9790007672390
1107,9781416528630
1108,9780517092910
1109,9780316075800
1110,
1111,9780767905210
1112,9780553213170
1113,9780140047490
1114,9780140620190
1115,9781451629190
1116,
1117,9780752224410
1118,9780062014540
1119,9780812550280
1120,9780192840510
1121,9780679728760
1122,9781442426670
1123,9780751504380
1124,9780099437960
1125,9788129115300
1126,9781421508220
1127,9780451458930
1128,9780345484260
1129,9780618968470
1130,
1131,9780141000180
1132,9780553116600
1133,9780771068710
1134,9781936305550
1135,9780192839990
1136,9781400063730
1137,9780141321320
1138,9780440236700
1139,
1140,9781423121300
1141,9780761169250
1142,9780060512800
1143,9781476730100
1144,9780060959040
1145,9780452282830
1146,9780060976260
1147,9780316077060
1148,9781594485760
1149,9780743454550
1150,9780330419640
1151,9780312976280
1152,9781401322790
1153,9780060590280
1154,9780393324820
1155,9780786818590
1156,9780446580500
1157,9780688014290
1158,9780553258480
1159,9780684844770
1160,9780394758280
1161,9780142000690
1162,9780446585030
1163,9780439272640
1164,9780316175680
1165,2940016231920
1166,9780810970690
1167,9780679433130
1168,9781405204260
1169,9781620610110
1170,9780062085540
1171,9780812968970
1172,9781423104000
1173,9780385354290
1174,9780812998600
1175,9781582349910
1176,9780060584760
1177,9780099549340
1178,9780451528350
1179,9780340837950
1180,9780670021450
1181,9780330371230
1182,9781781162640
1183,9781612620240
1184,9780684801540
1185,9780385312580
1186,9780811214050
1187,9781609450790
1188,9780307353140
1189,9780062515670
1190,9780670022690
1191,9780575077030
1192,9780399254120
1193,9780689818770
1194,9780810983920
1195,9780062065250
1196,9780440487620
1197,9780062237420
1198,9780385539260
1199,9781563899800
1200,9780765330420
1201,
1202,9780345452010
1203,9781442408920
1204,9780451528520
1205,
1206,9780061122100
1207,9781402726030
1208,9780450542890
1209,9781937044960
1210,9780553213140
1211,9780448405210
1212,9780399162090
1213,9780765304740
1214,9780679722760
1215,9780142401770
1216,9780312304360
1217,9780099471420
1218,9781581345280
1219,
1220,9781594634480
1221,9780440243760
1222,9780064400560
1223,9780380508560
1224,9780375708110
1225,9780064408640
1226,9780312980150
1227,9780061662770
1228,9780451459400
1229,9780152802170
1230,9780575077880
1231,9780345494990
1232,9780312983860
1233,9780060566230
1234,9780446359400
1235,9780375508320
1236,9781400032820
1237,9780517222850
1238,9781932416640
1239,9781400034710
1240,9780582416390
1241,9780805093070
1242,9780307265750
1243,9780142406630
1244,9780670011100
1245,9780385339670
1246,9780553565690
1247,9780451194010
1248,9780375507780
1249,9780812550290
1250,9780140042530
1251,9781841497130
1252,9781400067560
1253,9780152058100
1254,9780553804680
1255,9780679734770
1256,9780670018700
1257,9780061245080
1258,9780141318300
1259,9780060278250
1260,9780446612550
1261,9780751504580
1262,9780441104020
1263,9781841499890
1264,9781619636040
1265,9780679729780
1266,9780140501830
1267,9780747267640
1268,9780312554190
1269,9780385495230
1270,9780099448470
1271,9780670024860
1272,9781592402040
1273,9780060572970
1274,9780399231900
1275,9780752898480
1276,9780061996160
1277,9780310226060
1278,9780812577560
1279,9780440421700
1280,9780679729520
1281,9781594487360
1282,9780307265840
1283,9780553375400
1284,9781416995560
1285,9780373210500
1286,9780439321620
1287,9780395401460
1288,9780451196710
1289,9780060566210
1290,9780385732540
1291,9780451412360
1292,9780385516490
1293,9780316057780
1294,9780446579800
1295,9781301627450
1296,9780061015730
1297,9780316122380
1298,9780786836540
1299,9781842430220
1300,9780156031660
1301,9780385340540
1302,9781595143980
1303,9780671250680
1304,9780451459880
1305,9780807508530
1306,9780143123230
1307,9780091940740
1308,
1309,9780297854400
1310,9780676979340
1311,9780316601960
1312,9780140283300
1313,9780743464120
1314,9780785819110
1315,9781891830430
1316,9780061374230
1317,9780345439110
1318,9780876850860
1319,9780679744400
1320,9781593082050
1321,9781569319020
1322,9780451450520
1323,9780060577320
1324,9780689848920
1325,9780670018860
1326,9780307408860
1327,9780812504700
1328,9781439177720
1329,9780872863100
1330,9780733800850
1331,9781617750250
1332,9780345418780
1333,9780743258070
1334,9780385343830
1335,9780778324330
1336,9780451222350
1337,9780060502940
1338,9780967686560
1339,9780451223300
1340,9780451460910
1341,9780345539820
1342,9780552154310
1343,9780061020700
1344,9780316078570
1345,9780062430880
1346,9780575077900
1347,9781476770380
1348,9780679800030
1349,9780393330470
1350,9780060590160
1351,9780316155600
1352,9780316080840
1353,9780312642980
1354,9780141439730
1355,9780545457830
1356,9780345503800
1357,9780486426750
1358,9780440241030
1359,9781423140570
1360,9781416552510
1361,9780330448440
1362,9780812575580
1363,9780451461030
1364,9780451529560
1365,9780618084750
1366,
1367,9780441627400
1368,9780552152980
1369,9780385323060
1370,9780618477940
1371,9780061353240
1372,9789770931550
1373,9780007148980
1374,9780765325950
1375,9781419701760
1376,9780810984910
1377,9780312990220
1378,9780060839790
1379,9780446696630
1380,9780141014080
1381,9780142001810
1382,9780345373950
1383,9780747571770
1384,9781573221120
1385,9781400065680
1386,9780385333140
1387,9780062003940
1388,9780385339680
1389,9781400032820
1390,9780312985350
1391,9780439554010
1392,9780743236010
1393,9780316926350
1394,9780451461410
1395,9780062306810
1396,9780786915740
1397,9780786849570
1398,9781416951180
1399,9780399244550
1400,9780670025600
1401,9781585421470
1402,9780670844880
1403,9780061147950
1404,9780679456730
1405,9780385528770
1406,9780312364120
1407,9780385339650
1408,9780316067590
1409,9788129113730
1410,9781579126280
1411,9780060837560
1412,9780316033660
1413,9781907411050
1414,9780446696520
1415,9780307887890
1416,9781595143180
1417,9780743290110
1418,9780345335460
1419,9780785136200
1420,9780671728690
1421,9781594481930
1422,9780439706410
1423,9780340640140
1424,9780515142240
1425,9780316123520
1426,9780060878060
1427,9780061147940
1428,9781419702240
1429,9780316033660
1430,9781416543010
1431,9781862301380
1432,9780140447580
1433,9781501132930
1434,9780553213290
1435,9780679736370
1436,9780440241910
1437,9780373210140
1438,9781576737330
1439,9780812983610
1440,9780786868730
1441,9781400043460
1442,9781922182100
1443,97893806587
1444,9780061177580
1445,9780375825450
1446,9780974320620
1447,9780670035380
1448,9780765354940
1449,9780380727510
1450,9780451461900
1451,9781607060760
1452,9781599900740
1453,9780553496640
1454,9780486282220
1455,9780062124260
1456,9781590388980
1457,9780140298480
1458,9780679763970
1459,9780446698470
1460,9780767903870
1461,9780192123090
1462,9780812992790
1463,9780345300780
1464,9780375714830
1465,9780449213440
1466,9780451171350
1467,9780385528700
1468,9780786891080
1469,9780064441550
1470,
1471,9780765326260
1472,9781595148030
1473,9780451222720
1474,9780062110830
1475,9789953267200
1476,9780064410140
1477,9780143037610
1478,9780064431440
1479,9780441012690
1480,9780689878560
1481,9780224085620
1482,9781439199350
1483,9780451225860
1484,9780553288210
1485,9780446698870
1486,9780688120500
1487,9780743246990
1488,9780394800200
1489,9780060885400
1490,9781501100130
1491,9780061558240
1492,9780316184140
1493,9780060935470
1494,9781416553650
1495,9780060899200
1496,9780007119550
1497,9780152047380
1498,9780340818670
1499,9780345544960
1500,9780375718950
1501,9780743246070
1502,9780316133980
1503,9781842430350
1504,9780399244580
1505,9781423157370
1506,9780060832810
1507,9781416560620
1508,9781846558920
1509,9781844082930
1510,9780345501330
1511,9780756410440
1512,9780989794800
1513,9780451229850
1514,9780141001820
1515,9780743289690
1516,9781400063510
1517,9780345504980
1518,9780374529530
1519,9780553380960
1520,9780060893000
1521,9781580493890
1522,9781439138310
1523,9781442409060
1524,9780062300550
1525,9780312864590
1526,9781580495870
1527,9780544273000
1528,9780765348780
1529,9780007251860
1530,9780440401580
1531,9780439771340
1532,9781439102720
1533,9780345419640
1534,9780446615620
1535,9780316155600
1536,9780812551470
1537,9780743272510
1538,9780385683420
1539,9780385542360
1540,9780786838940
1541,9780373210180
1542,9780988393510
1543,9780385535140
1544,9780143036370
1545,9780525444440
1546,9780316075560
1547,9780143036690
1548,9780064440200
1549,9780064410120
1550,9781423116390
1551,9781250121000
1552,9780345348100
1553,9780425201400
1554,9780786818620
1555,9780553214320
1556,9781620610090
1557,9781934781630
1558,9781416971700
1559,
1560,9781453688940
1561,9780679774390
1562,9781476791460
1563,9781469216000
1564,9780099303750
1565,9780307959850
1566,9780142437800
1567,9780385720110
1568,
1569,9781416935860
1570,9780553380640
1571,9780802140180
1572,9781563892260
1573,9780385337940
1574,9780441007320
1575,9780142412140
1576,9781439192570
1577,9780805095160
1578,9780553582920
1579,9780446552450
1580,9781406914830
1581,9780375760370
1582,9780413757100
1583,9780375835320
1584,9780802132760
1585,9780545259090
1586,9781573226520
1587,9780143145550
1588,9780575096580
1589,9781416524360
1590,9780192750970
1591,9781416509650
1592,9780099556310
1593,9780553564940
1594,9780312987860
1595,9780316548180
1596,9780385537150
1597,9780345410050
1598,9780752865330
1599,9780312364430
1600,9780515128640
1601,9780553804910
1602,9780451463170
1603,9780670674240
1604,9781416903570
1605,9780140436590
1606,9780312936230
1607,9780446690450
1608,9780061985840
1609,9780316087380
1610,9780061257090
1611,9781590387430
1612,9781455806850
1613,9780307269200
1614,9781416995590
1615,9780307268200
1616,9780142401650
1617,9781590860620
1618,9780842377510
1619,9780316132910
1620,9780575076820
1621,9781594488850
1622,9781416534730
1623,9781563894700
1624,9780811201890
1625,9780785268830
1626,9781606410420
1627,9780312349490
1628,
1629,9780689845370
1630,9780451462560
1631,9780140439080
1632,9780399219210
1633,9780963192550
1634,9780385733590
1635,9780689832130
1636,9780441015660
1637,9780765328660
1638,9781423321680
1639,9780380714760
1640,9781565125960
1641,9780380729400
1642,9781400033420
1643,9780394298660
1644,9780802139250
1645,9780385517870
1646,9780812565960
1647,
1648,9780307021340
1649,9780440235590
1650,9781587263900
1651,
1652,9781423100060
1653,9780441014740
1654,9780451464410
1655,9780399154100
1656,9780312330870
1657,9780316921180
1658,
1659,9780812967130
1660,9780062041260
1661,9780061922310
1662,9780375822070
1663,9789504915250
1664,9780141183530
1665,
1666,9781903436580
1667,9780670012950
1668,9781627792130
1669,9780060541440
1670,9780849900420
1671,9781250049550
1672,9780812973010
1673,
1674,9780007423290
1675,9780385265710
1676,9780385333870
1677,9780060872980
1678,9780689852240
1679,9781416523710
1680,9780749935340
1681,9780143039620
1682,9780434020800
1683,9780140143450
1684,9780451205360
1685,9780743418710
1686,9780345403960
1687,9780575070710
1688,9781400067700
1689,9780553805480
1690,9780451463790
1691,9781580495770
1692,9781416947400
1693,9780345468640
1694,9780312349490
1695,9780451529760
1696,9780451219950
1697,9780785264700
1698,9780785121440
1699,
1700,9780670026630
1701,9780806527280
1702,
1703,9780099448570
1704,9780385334140
1705,9780061241900
1706,9780451526760
1707,9780440416790
1708,9781594633120
1709,9780553588260
1710,9780767919390
1711,9780060555960
1712,9780312948560
1713,9780099489990
1714,9780143038110
1715,9781847241700
1716,9780061974590
1717,9781593080650
1718,9780385731060
1719,9780425181100
1720,9781416990660
1721,9781586608290
1722,9780060012380
1723,9780385344430
1724,9780399254830
1725,
1726,9781904442490
1727,9780671742520
1728,9780804179030
1729,
1730,9780804137260
1731,9780345503820
1732,9780007151660
1733,9780385339600
1734,9780786706210
1735,9780060525120
1736,9781101904220
1737,9780062310670
1738,9780385737420
1739,9780553381340
1740,9781101875050
1741,9780553119220
1742,9780689862230
1743,9780805094600
1744,9781843432170
1745,9781416971730
1746,9780006498520
1747,9780805448660
1748,9780743470120
1749,9780330488910
1750,9780671035980
1751,9780515114690
1752,9780060921150
1753,
1754,9781416997860
1755,9780006479670
1756,9783822858650
1757,9780345416260
1758,9780679776820
1759,9780812576400
1760,9781606412380
1761,9781594202290
1762,9780345443280
1763,9780446613360
1764,9781423108370
1765,9780590442980
1766,9780803734740
1767,9780803734950
1768,9780061020670
1769,9781301347940
1770,9780062200570
1771,9780140434740
1772,9780965476030
1773,
1774,9780064410140
1775,9788424133500
1776,9780983212550
1777,9780961454740
1778,9780060085900
1779,9780452286030
1780,9780312624680
1781,9781844280130
1782,9780545424940
1783,9780141439630
1784,9780486290720
1785,9780486298570
1786,9781455561780
1787,
1788,9780836204380
1789,9780142401750
1790,9781616201330
1791,9781596912850
1792,9781400044160
1793,9780345498330
1794,9780385523230
1795,9780451197960
1796,9780312424400
1797,9780060913080
1798,9780525953100
1799,9781423121310
1800,9788498000830
1801,9781857231520
1802,9780099297700
1803,9780061140980
1804,9780060586130
1805,9781416974530
1806,9780743466520
1807,9780545224900
1808,9780345539850
1809,9780441005760
1810,9781250077000
1811,9780312986350
1812,9780553564940
1813,9781405910220
1814,9781439164630
1815,9780671662350
1816,9780765317000
1817,9780307209610
1818,9780061245090
1819,9780060890680
1820,9780061449060
1821,9780312349520
1822,9788129118810
1823,9780007174160
1824,9780060887340
1825,9780440800460
1826,9780446364800
1827,9781405206130
1828,9781569319480
1829,9780451219430
1830,9780312532760
1831,9780446573000
1832,9780446402390
1833,9780060987510
1834,9780425260940
1835,9780060527990
1836,9781933718000
1837,
1838,9780440339340
1839,9780307395990
1840,9780312979970
1841,9780316014780
1842,9780743418740
1843,9780812972350
1844,9781401307460
1845,9783442723430
1846,9780425273870
1847,9780099427860
1848,9780316056630
1849,9780142422950
1850,9781416953580
1851,9781439107960
1852,9781416940910
1853,9780307278490
1854,9780312539560
1855,9781878424110
1856,9780312315960
1857,9780689878560
1858,9780446614830
1859,9780385480020
1860,9780805092520
1861,9780312590440
1862,9780553296130
1863,9780689878570
1864,9780425106880
1865,9788176210780
1866,9781594631570
1867,
1868,9781857988090
1869,9780152045660
1870,9780515130970
1871,9780425205820
1872,9780553589180
1873,9780007149830
1874,9780345528670
1875,9780439598380
1876,9780593065710
1877,9780205313430
1878,9780140620610
1879,9780743294290
1880,9780786939530
1881,9781568650550
1882,9780307595870
1883,9781590172000
1884,9781401308210
1885,9780743484860
1886,9781563892620
1887,9780451528930
1888,9780374525640
1889,9781841496860
1890,9781595143200
1891,9780385341650
1892,9780316010700
1893,9780345544120
1894,9780812984280
1895,9781563892260
1896,9780689849110
1897,9781558745160
1898,9781490904380
1899,9781439102760
1900,9780450610100
1901,9780385341680
1902,9780385517840
1903,9780547887200
1904,9781401248960
1905,
1906,9780802720860
1907,9781595406550
1908,9780679781490
1909,9780393065790
1910,9780812972150
1911,9780670021870
1912,9780802122550
1913,9780060090390
1914,9780586008360
1915,9780099448760
1916,9780380709240
1917,9780575090860
1918,9780736693420
1919,9780375866590
1920,9780316074320
1921,9780060244060
1922,9780553588260
1923,9780316779420
1924,9780552152950
1925,9781581345280
1926,9781400064280
1927,9780380003210
1928,9780143037740
1929,9780446691090
1930,9780749932770
1931,9780345335710
1932,9780451233160
1933,9789953718060
1934,9781401323820
1935,
1936,9780345469010
1937,9780007157150
1938,9780142404130
1939,9780060266870
1940,9780684853150
1941,9781400067890
1942,9780805093290
1943,9780385536970
1944,9780385733410
1945,9780385339160
1946,9780385341640
1947,
1948,9781594747590
1949,9780486424540
1950,9781593070950
1951,
1952,9781423160920
1953,9780140439240
1954,9780143039980
1955,9780684856480
1956,9780060885430
1957,9780312181110
1958,9781905654870
1959,9780312383280
1960,9780061177590
1961,9780451200820
1962,9780441018190
1963,9780752858490
1964,9780006486020
1965,9780399167840
1966,9780515126780
1967,9780140449330
1968,9780786849080
1969,9780143036560
1970,9780679735910
1971,9781423102280
1972,9780425143320
1973,9781566195770
1974,9780671685640
1975,9780064410150
1976,9780767903820
1977,9780064410170
1978,9780143035750
1979,9781937007880
1980,9780007127740
1981,
1982,9780374104090
1983,
1984,9780060775830
1985,9780553805380
1986,9780385517230
1987,9780452277760
1988,9781400069220
1989,9780812551500
1990,9781590514630
1991,9781857231380
1992,9780671646780
1993,9780345434810
1994,
1995,9780006479900
1996,9780140382620
1997,9780547628350
1998,9781565075730
1999,9780802131780
2000,9780060393500
2001,9780061997820
2002,9781600964340
2003,9780345534190
2004,9780142000700
2005,9781451617470
2006,9780553804690
2007,9781903434770
2008,9781444778530
2009,9780553804800
2010,9780451208640
2011,9780385517880
2012,9780446692660
2013,9781400076190
2014,9780345466600
2015,9780446364490
2016,9780593057060
2017,9780385735290
2018,9780805090030
2019,9780545060390
2020,9780028610110
2021,9780316003730
2022,9780486234110
2023,9780743453260
2024,9780679720220
2025,9781842430250
2026,9780375757850
2027,9780088619450
2028,9780060747220
2029,9780224081180
2030,9780449223600
2031,9780751530480
2032,9780618062420
2033,
2034,9780060735420
2035,9780316038390
2036,9781592858490
2037,9780062491790
2038,9781423102270
2039,9780670175920
2040,
2041,9780743289410
2042,9781451695200
2043,9780061092190
2044,9780743291480
2045,9780575075060
2046,9780345546890
2047,9780553381660
2048,9780525953490
2049,9780192750980
2050,9781416974510
2051,9780375713350
2052,9780156027650
2053,9780156004800
2054,9780553375930
2055,9780525950130
2056,9781841492610
2057,9781444729700
2058,9781501115070
2059,9781416595180
2060,9781592407330
2061,9780316243920
2062,9781573229720
2063,9780679731150
2064,9780763625890
2065,9780670022810
2066,9780345298350
2067,9780062207400
2068,9780439771280
2069,9780060851990
2070,9781419705850
2071,9781405258210
2072,9781416903540
2073,9780006472610
2074,9780425201440
2075,9780060845540
2076,9780141026280
2077,9780061345660
2078,9780723258050
2079,9780099771810
2080,9781594634710
2081,9780451464390
2082,
2083,9780373772470
2084,9780061474100
2085,9780060852570
2086,9780552154280
2087,9780345435160
2088,9781451661510
2089,9780552992090
2090,9780425204660
2091,9780515136290
2092,9781416950060
2093,9780785136220
2094,9780307932240
2095,9780007158510
2096,9780805053880
2097,9783518367060
2098,9780385333470
2099,9781421505860
2100,
2101,9780439249550
2102,9781597801580
2103,9780140436070
2104,9780525425630
2105,9780441014900
2106,
2107,9781400096280
2108,9780140446750
2109,9780061020670
2110,9781932664130
2111,9781401204260
2112,9781442426730
2113,9781455559820
2114,9781565125700
2115,9780871137390
2116,9780765376460
2117,9780385513530
2118,9780385743590
2119,9781841493140
2120,9780385905170
2121,9780385340590
2122,9780439324600
2123,9780224064900
2124,9781400033840
2125,9780805080480
2126,9780441016150
2127,9780689829540
2128,9780375705850
2129,9781560974280
2130,9781250006320
2131,9780451529700
2132,9780884271790
2133,9780670021050
2134,9780061284400
2135,9780385340560
2136,9780452286540
2137,9780385539710
2138,9780739377730
2139,
2140,9781841499900
2141,9781452440030
2142,9780147712550
2143,9781563893310
2144,9780061120660
2145,9781573227890
2146,9780316201580
2147,9781400063970
2148,9780064407310
2149,9780345529050
2150,9780743493920
2151,
2152,9780060887380
2153,9781939045010
2154,9780345522470
2155,9780743211380
2156,9780553560730
2157,9781558611580
2158,9781593083250
2159,9780515121840
2160,9780316079910
2161,9781442435000
2162,9780446573640
2163,9780761121330
2164,9780399244570
2165,9780061240850
2166,9780804139300
2167,9781619636070
2168,9781593080330
2169,9780804188980
2170,9780380789020
2171,9789382618350
2172,9780385333500
2173,9780385349060
2174,9780671869200
2175,9780143034760
2176,9780807218730
2177,9780140448080
2178,
2179,9780062392180
2180,9780446573020
2181,9780312367480
2182,9781416974500
2183,9781451533960
2184,9780446608820
2185,
2186,9780802136830
2187,9780140185850
2188,9780571171780
2189,9780765354070
2190,9780743261950
2191,
2192,9780060987530
2193,9783426615360
2194,9781442468350
2195,9781905294720
2196,9780553293390
2197,9780486452430
2198,9780345335650
2199,9780374529540
2200,9780545060510
2201,9780061668040
2202,9780316910330
2203,9780553271980
2204,9781400067690
2205,
2206,9781609411150
2207,9781444705100
2208,9781301716720
2209,9780517053610
2210,9780061054880
2211,9781400031570
2212,9780385528050
2213,9780425192030
2214,9781570425780
2215,9780142408800
2216,9780735221090
2217,9780061996180
2218,9780316246620
2219,9780765340740
2220,9780060566100
2221,9781616149990
2222,9781595547160
2223,9780140273340
2224,9780425201370
2225,9780978970760
2226,9780345409460
2227,9781906427140
2228,
2229,9781573225120
2230,9780805080490
2231,9780525949700
2232,9780062294370
2233,9780312426810
2234,9781400065750
2235,9781579126250
2236,9780310902710
2237,9780451235850
2238,9780380800830
2239,9780786930710
2240,9780375508330
2241,9780345457690
2242,9780425184230
2243,
2244,9781607066930
2245,9780440241010
2246,9780393244660
2247,9780375701210
2248,9780805096670
2249,9780385539430
2250,9780767919360
2251,9780312595680
2252,9780006551810
2253,9781400032050
2254,9781250060560
2255,9780679763310
2256,9781591451880
2257,9780451218600
2258,9780575077840
2259,9780156032970
2260,9780670561730
2261,9781594831120
2262,9780330493740
2263,9781595551380
2264,9780345527710
2265,9780061449090
2266,9780875093670
2267,9780373210370
2268,9780142004330
2269,9780586217830
2270,9780385729370
2271,9780552153260
2272,9780307594780
2273,
2274,9781842430350
2275,9780061583220
2276,
2277,9780316159790
2278,9780064472780
2279,9780380713810
2280,9780375832990
2281,9780061941020
2282,9780316002900
2283,9780312656260
2284,9780802142820
2285,9780586066880
2286,9780812969900
2287,9780061583070
2288,9780375759000
2289,9780064404780
2290,9780316069910
2291,9780060577360
2292,9786140105230
2293,9780062026480
2294,9780312650090
2295,9780802714630
2296,9780751530490
2297,9780553213480
2298,9780684818860
2299,9780553582470
2300,9781600102370
2301,9781406310270
2302,9780446363260
2303,9780425205680
2304,9780684843780
2305,9780670023320
2306,9780060572990
2307,9781400068330
2308,9780393337130
2309,9780007246230
2310,9780785289080
2311,9780316058440
2312,9780765340050
2313,
2314,9780679732270
2315,9780064408680
2316,9780812993810
2317,9780312593550
2318,9780671015210
2319,9781423116390
2320,9780743244590
2321,9780060920080
2322,9781400067120
2323,9780446607210
2324,9780060885410
2325,9780061053570
2326,9780440228900
2327,9780787960760
2328,9780142003170
2329,9780140157350
2330,
2331,9781501110340
2332,
2333,
2334,9781408816040
2335,9781501139890
2336,9780140449180
2337,9780143039840
2338,9780439120420
2339,9780316766940
2340,9780446617680
2341,9780425209070
2342,9780140449240
2343,9780440228000
2344,9780876852640
2345,9780373210510
2346,9780446546940
2347,9780099471430
2348,
2349,9780525953720
2350,9781594487020
2351,9780684193950
2352,9780451191010
2353,9781563890350
2354,9780316013930
2355,9781416500350
2356,9781622660760
2357,9780375760400
2358,9780316123530
2359,9781439152780
2360,9780751554150
2361,9780439295790
2362,9780306814260
2363,9780618683350
2364,
2365,9781594561860
2366,9780140447900
2367,9780452274430
2368,9780743203630
2369,9780983157200
2370,9781582404110
2371,9780451217610
2372,9780399159370
2373,9780380820890
2374,9780140169300
2375,9780743457900
2376,9780142501110
2377,9780062072060
2378,9780316018590
2379,9781594481960
2380,9780811216010
2381,9780316002870
2382,9780553582450
2383,9780446614450
2384,9780316069360
2385,9780756402690
2386,9782844140590
2387,9781589190630
2388,9780446563050
2389,9780142405790
2390,9780062290370
2391,9780545060420
2392,9780689867040
2393,9780515133320
2394,9780061140980
2395,
2396,9780062197270
2397,9780140079070
2398,9780446605490
2399,9780765344300
2400,9780060765250
2401,9780525953500
2402,9780060887390
2403,9780141441160
2404,
2405,9780515141660
2406,9780553381640
2407,9780441016390
2408,9780380017610
2409,9780688147330
2410,9780062085610
2411,9780316952670
2412,
2413,9780060887190
2414,9780887307290
2415,9781416928170
2416,9780786939830
2417,9781250006330
2418,9780525952480
2419,9780517405090
2420,9781423121660
2421,9780676979790
2422,9781501129740
2423,9780060590310
2424,9780743298860
2425,9781400030030
2426,9781569714030
2427,9780545060490
2428,9781423128200
2429,9780440241000
2430,9780425212900
2431,9788203180730
2432,9780515143800
2433,9780425185510
2434,9781591162210
2435,9781402262270
2436,9780060730550
2437,
2438,9780670869400
2439,9781932073200
2440,9780312270830
2441,9780385523900
2442,9780060753950
2443,
2444,9780618620110
2445,9780553381530
2446,9780394805760
2447,9780385735340
2448,9780441017690
2449,9780385343660
2450,
2451,9780375714660
2452,9780061020650
2453,9780586064180
2454,9780385613460
2455,9780670021660
2456,9780142401770
2457,9780062285640
2458,9780765344310
2459,9780375413410
2460,9781421540320
2461,9780765315240
2462,9780151013040
2463,9780545284130
2464,9780449911660
2465,9781400077430
2466,9780156948780
2467,9780590319680
2468,9780146000120
2469,9780552153160
2470,9780552152680
2471,9780345481280
2472,9780689859370
2473,9781601422220
2474,9780140280200
2475,9780142401120
2476,9780749080980
2477,9780545135700
2478,9780451159530
2479,9781560252480
2480,9780061284200
2481,9780805066690
2482,9780575067080
2483,9780425267040
2484,9781411415940
2485,9780671741040
2486,9780307271040
2487,9780345459400
2488,9781599903380
2489,9780061020610
2490,9780140437690
2491,9780441328000
2492,9780515090250
2493,9780441015280
2494,9780385671100
2495,9780439443820
2496,9780307264000
2497,9780752809440
2498,9780142001620
2499,9780375758510
2500,9780061977960
2501,9780575066890
2502,
2503,9780593061730
2504,9781593072930
2505,9780553277580
2506,9780142002020
2507,9780006513220
2508,9780452283860
2509,
2510,9781416563720
2511,9780425233380
2512,9780007169920
2513,9780345470640
2514,9780785123120
2515,9780743270370
2516,9780307959940
2517,9780743442530
2518,9780441013400
2519,9780446676430
2520,9784103534230
2521,9780722534880
2522,9780385336700
2523,9780440226700
2524,9780143036660
2525,9780307749600
2526,9781401209150
2527,9781780484260
2528,9780425259860
2529,9780312590970
2530,9781101990260
2531,9780545060460
2532,9780062248170
2533,9780374384680
2534,9780679766760
2535,9781609451350
2536,9780345413970
2537,9780759530010
2538,9781451645830
2539,9780446611770
2540,9781596431520
2541,9780307001050
2542,9780991686000
2543,9781400065460
2544,9780486282080
2545,9780312984830
2546,9780786887070
2547,9780446611210
2548,9780671791540
2549,9780515134450
2550,9780515134480
2551,9781250010710
2552,9780385333790
2553,9780812967260
2554,
2555,9780807083700
2556,9780060885430
2557,9780310247460
2558,9780545424970
2559,9780099399020
2560,9780785274320
2561,9780385491020
2562,
2563,9781406310280
2564,9781841492060
2565,9780545027890
2566,9780446519140
2567,9781442429990
2568,9780316014790
2569,9780143104890
2570,9780385528790
2571,9780060264800
2572,9780812971420
2573,9780099481680
2574,9780446613450
2575,9780312577210
2576,9781476731540
2577,9780385730300
2578,9780375702710
2579,9780349119760
2580,9781455520620
2581,9780385342050
2582,9780060268660
2583,9781451617790
2584,9780156262250
2585,9781427814040
2586,9781551924010
2587,9780805094620
2588,
2589,9780743294260
2590,9780307949320
2591,9780440244160
2592,9780451203270
2593,9780061284400
2594,9780606298230
2595,9780440060670
2596,9780316069490
2597,9780380731500
2598,9780307713540
2599,9780061974620
2600,9780141439780
2601,9780141962820
2602,9780099478540
2603,9780425169700
2604,9780679436550
2605,9780515134510
2606,9780345503820
2607,9780385515050
2608,9780689878590
2609,9780345524260
2610,9780060090370
2611,9780552552650
2612,9780060786530
2613,
2614,9781841497980
2615,9780446578840
2616,9780425198680
2617,9780062267530
2618,9780761104840
2619,9780060577380
2620,9780141311400
2621,9780385496090
2622,9781416548000
2623,9781416903440
2624,
2625,9781859855420
2626,9780399171610
2627,9780307267150
2628,9780316127260
2629,9781408852590
2630,9781400064760
2631,9780441014350
2632,9780449912550
2633,9780743422440
2634,9781477823840
2635,9780061728980
2636,9780385526260
2637,9780143039980
2638,9781591451880
2639,9780316166290
2640,9780553560720
2641,9780385344340
2642,9780060575810
2643,9780060929790
2644,9780446678450
2645,9780765305240
2646,9780553587580
2647,9780553384150
2648,9780525444470
2649,9780807059100
2650,9780425179610
2651,9780743477890
2652,9780224097000
2653,9780340896990
2654,9781560760470
2655,9780785135810
2656,9781421527550
2657,9780553580230
2658,9780552152940
2659,2940011444940
2660,9781585425650
2661,9780393064640
2662,9780451222380
2663,9780553418770
2664,9780224097380
2665,
2666,9780006479760
2667,9780310321910
2668,9780747545260
2669,9780006498860
2670,9781560254550
2671,9780099498600
2672,9781502784280
2673,9780425170340
2674,9780060515220
2675,9780749942010
2676,9780765377070
2677,9780061031330
2678,9781401201910
2679,9780385721420
2680,9780743255070
2681,9780525950490
2682,9781937007480
2683,9781250000970
2684,9780060725110
2685,9780061566130
2686,9781591396190
2687,9780316036190
2688,9780553807230
2689,9780152026320
2690,
2691,9780060590290
2692,
2693,9780812515280
2694,9781577311960
2695,9780385323280
2696,9780679844840
2697,9780061935080
2698,9780156453810
2699,
2700,9781741666700
2701,9780452281420
2702,9780143116230
2703,9782221090730
2704,9781451617730
2705,9780061020000
2706,9780380776830
2707,9780393343440
2708,9780743294270
2709,9780140447640
2710,9780743269260
2711,9780340893610
2712,9780312624680
2713,9780451213040
2714,9780062011990
2715,9780312590990
2716,9780553282990
2717,
2718,9780552154220
2719,9781741661290
2720,9780876120840
2721,9780345522500
2722,9780590431970
2723,9780525955090
2724,9780679721030
2725,9780316041450
2726,9780062235660
2727,9780517223120
2728,9780316129080
2729,9780143039970
2730,9780425116840
2731,9780590930020
2732,9780140449100
2733,9780316113660
2734,9780062280670
2735,9780553804800
2736,9780385501120
2737,9780446610220
2738,9780385722210
2739,9780062282710
2740,9780671729480
2741,9780375814260
2742,9781594202840
2743,
2744,9781400052580
2745,9780425204700
2746,9780446619040
2747,
2748,
2749,9788188575700
2750,9780064401490
2751,9780312941920
2752,9780062265420
2753,9781400054340
2754,9780446690450
2755,9781857989340
2756,9780545060480
2757,9780060838740
2758,9780345470580
2759,9780316905720
2760,9781563898590
2761,9780763622600
2762,9780425226930
2763,9780486275480
2764,9781423118240
2765,9780842314300
2766,9780375423800
2767,9781607069320
2768,9780804178750
2769,9781250028650
2770,9780812977360
2771,
2772,9781101883080
2773,9780316017700
2774,9780593073900
2775,9780770436420
2776,
2777,9780307594040
2778,9781416913180
2779,
2780,9781741661350
2781,9780060652390
2782,9781563894460
2783,9781416903380
2784,9780307590620
2785,
2786,9780064400590
2787,9780330397800
2788,9781476728740
2789,9780752858560
2790,9781400063250
2791,9780446573050
2792,9780765378550
2793,9780345807950
2794,9780006280900
2795,
2796,9780425244140
2797,9780847826470
2798,9780679724770
2799,9780547959110
2800,9780345542880
2801,9781469984020
2802,9780375814690
2803,9780312662750
2804,9781451651690
2805,9781596437140
2806,9780679781490
2807,9780060572980
2808,9780786942470
2809,9780140274220
2810,9780316296200
2811,9780552148030
2812,9780060288140
2813,9781476785590
2814,9780316134070
2815,9780385525010
2816,9781402784030
2817,9780441102680
2818,9780399252520
2819,9780316081050
2820,9780142000200
2821,9780553213190
2822,9780345476170
2823,9780449000660
2824,9781401340900
2825,9780765310030
2826,9781743342370
2827,9780312997140
2828,9780575082460
2829,9780062309660
2830,9781416505010
2831,9780679444330
2832,9780316399620
2833,9780062206280
2834,9780345476100
2835,9780671047340
2836,9780439829110
2837,9781599951490
2838,9780374346680
2839,
2840,9781101947140
2841,9780393068470
2842,9780446195510
2843,9780785132620
2844,9781401908970
2845,9780061449120
2846,9780321107210
2847,9782877068160
2848,9780316176540
2849,9780525951580
2850,9780373802490
2851,9781931514930
2852,9781569317780
2853,9780553807220
2854,9781842323010
2855,9780399169270
2856,9780778325310
2857,9780445406510
2858,9780425230080
2859,9780425147580
2860,9780156904360
2861,9780142406120
2862,9780425181120
2863,9780451209340
2864,9781844280600
2865,9780747541610
2866,9780062067750
2867,9780446691440
2868,
2869,9780679723060
2870,9780670061100
2871,9780316187750
2872,9781250010700
2873,9780449208140
2874,9780425205750
2875,9780451530170
2876,9780451471480
2877,9780525467270
2878,9780553584530
2879,9780395169610
2880,9780062278780
2881,9780061161640
2882,9781423368990
2883,9780140230280
2884,9781423157520
2885,9780446407410
2886,9780062104890
2887,9780060788380
2888,9780670026330
2889,9780765365440
2890,9780671024090
2891,9780545060490
2892,9780618164420
2893,9780316069410
2894,645573003012
2895,9780062218360
2896,9780545327000
2897,9780743260050
2898,9780380014310
2899,9781451693560
2900,9780765304960
2901,9780425194850
2902,9780722536540
2903,9780385418870
2904,9780765375860
2905,9780385351230
2906,9781476764020
2907,9780399230040
2908,9780062217130
2909,9780545060460
2910,9781840187170
2911,9780515133880
2912,9780684865190
2913,9780345545830
2914,9780670037770
2915,9780062259650
2916,9780062071040
2917,9780618773470
2918,9780758278460
2919,9780061566080
2920,9781416516350
2921,9780060931730
2922,9781401235410
2923,9780060735420
2924,9780451219950
2925,9780345518510
2926,9780060932140
2927,9780440222650
2928,9781580627570
2929,9780061566170
2930,9780060788700
2931,9780486272630
2932,9780316126110
2933,9780375851800
2934,9780061129740
2935,9780439791430
2936,9780380821210
2937,9781563890930
2938,9780060731490
2939,9780553381540
2940,9780842313070
2941,
2942,9780440184620
2943,9780399157230
2944,9780413771160
2945,9780312358340
2946,9780060920430
2947,9781932796780
2948,9781439177810
2949,9780312949810
2950,9781416522910
2951,9780399254830
2952,9780141439620
2953,9781400066410
2954,9780441068810
2955,9780451239360
2956,9781595144520
2957,9780006280840
2958,9780465026560
2959,9780375828780
2960,9780805005010
2961,9780439286060
2962,9780316212820
2963,9780310245650
2964,9781416595200
2965,9780553381660
2966,9781419711330
2967,9780316159420
2968,9780743437320
2969,9780345497510
2970,9781416510570
2971,9780441017030
2972,9781478322310
2973,9780425176080
2974,9780446545240
2975,9780791071690
2976,9780192751070
2977,9780553564920
2978,9781616960930
2979,9781416584090
2980,9780786851710
2981,9780316015060
2982,9780192839000
2983,9781423171030
2984,9780670062270
2985,9780689862210
2986,9780312594430
2987,9781423121330
2988,9781557091550
2989,9780446679080
2990,9780060775970
2991,9780743454510
2992,9780694012980
2993,9781563127880
2994,9780345459210
2995,9780345485760
2996,9780061797030
2997,9781595143200
2998,9780441018530
2999,9781501116970
3000,9780552154160
3001,9780553589380
3002,9780375753730
3003,9780312353260
3004,2940014979630
3005,9781455521210
3006,9780441013680
3007,9781400064660
3008,9780316051590
3009,9780446677480
3010,9781605980930
3011,9780767907810
3012,
3013,9780765316970
3014,9780060283280
3015,9781476771430
3016,9780060086240
3017,9781482348740
3018,9781416507770
3019,9780441328090
3020,9781593080300
3021,9780060791570
3022,9780451528190
3023,9780140621330
3024,9780345326490
3025,9780312306340
3026,9781595620160
3027,9781842431290
3028,9780517223540
3029,9780006178740
3030,9781595144330
3031,9781429981930
3032,9781481280760
3033,9780553381350
3034,9780312350000
3035,9780345476980
3036,9780060566680
3037,9780871917720
3038,9781594487570
3039,9780062014560
3040,
3041,9781579124570
3042,9780345450750
3043,9781477808700
3044,9780060882080
3045,9780553536520
3046,9780913668690
3047,9780007158480
3048,9780375706850
3049,9780671227420
3050,9780446573110
3051,9780689878370
3052,9780786839180
3053,9780345542920
3054,9780757910840
3055,9781852864990
3056,9780310241640
3057,9780062208190
3058,9780553588070
3059,9781400062750
3060,9780545060450
3061,9780006280930
3062,9780300122240
3063,9781416949660
3064,9780374239210
3065,9780451205420
3066,9780747266920
3067,9780312364110
3068,9780385334240
3069,9780812975220
3070,9780425213970
3071,9780375705240
3072,9780553565070
3073,9783401063480
3074,9780307700670
3075,9780759529430
3076,9780099478330
3077,9780486223060
3078,9780920236160
3079,9780582461500
3080,9780812966300
3081,
3082,9781563891370
3083,9780061720770
3084,9780375828260
3085,9780374506840
3086,9781563891070
3087,9781620401390
3088,9780141439970
3089,9780142406140
3090,9780739418380
3091,9780375760390
3092,9781400033550
3093,
3094,9780689853490
3095,9781595142720
3096,9780345352670
3097,9780399156570
3098,9780446613380
3099,9780345461630
3100,9780440421860
3101,9780439224060
3102,9780778327400
3103,9780062330260
3104,9780684825360
3105,9780441015830
3106,9780143039020
3107,9781480114490
3108,9780425213380
3109,9780393307050
3110,9780575077360
3111,9780441009430
3112,9780316096160
3113,9780312652910
3114,9781416980060
3115,9781416509880
3116,9781595143980
3117,9781841493150
3118,9780062107310
3119,9780446694860
3120,9780805080520
3121,9780062004020
3122,9780394724550
3123,9780452287080
3124,9780802130300
3125,9780425141240
3126,9780684843320
3127,9780671037700
3128,9780099471370
3129,9780385528760
3130,
3131,9780099470470
3132,9780060734080
3133,9780099267550
3134,9780062188500
3135,9780767919400
3136,9780752876820
3137,9781857239010
3138,9780808516960
3139,9780140441760
3140,9780842300520
3141,9780385494240
3142,9780812966010
3143,9780312151260
3144,9780385340560
3145,2940016356940
3146,9781101874080
3147,
3148,9780312289520
3149,9780762424930
3150,
3151,9780395181580
3152,9780553805090
3153,9780743452920
3154,9781741662090
3155,9780525953490
3156,9780375706870
3157,9781741663020
3158,9780345447870
3159,9780307098220
3160,9780312367470
3161,9780525952280
3162,9780316117360
3163,9780316013950
3164,9780803738550
3165,9780061284470
3166,9780345490650
3167,9780743453970
3168,9781423368880
3169,9781599869700
3170,9780765319850
3171,9781400095930
3172,9780062509600
3173,9781476717780
3174,9780765348810
3175,9780553807060
3176,9780451220900
3177,9781416908170
3178,9780765317580
3179,9780439656240
3180,9780374193680
3181,9780155050910
3182,9781857231330
3183,9780373772320
3184,9780553805500
3185,9780983157230
3186,9780007189880
3187,9780743299400
3188,9780345522480
3189,9781416509880
3190,9781416599400
3191,9781632150780
3192,9781476759550
3193,9780307272590
3194,9781400068320
3195,9781594488870
3196,9781558749210
3197,9780349116660
3198,9780446617580
3199,
3200,9780061051590
3201,
3202,9780385333510
3203,9780684847820
3204,9780316043880
3205,9780451822190
3206,9780142401100
3207,9780312347290
3208,9780375708280
3209,9780316334520
3210,9780141184270
3211,9780007233690
3212,9780140432110
3213,9780399153720
3214,9781416595170
3215,9780312362160
3216,9780385413050
3217,9780676977740
3218,9781416953590
3219,9781400031700
3220,9781423113490
3221,9780803733060
3222,9780345511770
3223,9780446613350
3224,
3225,9788173711470
3226,9780062113930
3227,9781594204110
3228,9780399160300
3229,9781579126260
3230,9780618212900
3231,9781402244420
3232,9780448421650
3233,9781416986560
3234,9780060885380
3235,9781591842800
3236,9781400065940
3237,9780452287050
3238,9780439895970
3239,9780525951120
3240,9780446677130
3241,
3242,9780375714380
3243,9780679767800
3244,9780439968090
3245,9780062224740
3246,9780553572990
3247,9780553572940
3248,9780734406940
3249,9780385743600
3250,9780786891080
3251,
3252,9780451528640
3253,9780307596900
3254,9780060842350
3255,9780743451500
3256,9780192833720
3257,9781101875900
3258,9780515130390
3259,9781594486240
3260,
3261,
3262,9780393332150
3263,9780802720870
3264,9780440164840
3265,9780843955290
3266,9784088745530
3267,9780316216850
3268,9780393061730
3269,9780812998690
3270,9780316253020
3271,9780061214680
3272,9789953891220
3273,9780099468200
3274,9780007158490
3275,9780439682590
3276,9780142406140
3277,9780440236730
3278,9780006498860
3279,9780590414270
3280,9780446611630
3281,9780545522250
3282,9780440423220
3283,9780061728910
3284,9780671042580
3285,9780062300800
3286,9780842329220
3287,9780143116390
3288,9789776376440
3289,9780060093360
3290,9780312577220
3291,9780756402980
3292,9780517203380
3293,9780812976180
3294,9781609452230
3295,9781841493140
3296,9780316016380
3297,9780988369470
3298,9780553575650
3299,9781409114000
3300,9780385536070
3301,9781591163300
3302,9780765343440
3303,9780399229190
3304,9789991373770
3305,9781591843160
3306,9780517266560
3307,9780767913740
3308,9780312421700
3309,9780451463650
3310,9780374521350
3311,9780804111100
3312,9780778317710
3313,9780385524940
3314,9780060593090
3315,9781250040150
3316,9780810959260
3317,9780552144290
3318,9781596435700
3319,9780061231160
3320,9780156717200
3321,9780141185260
3322,9780452285450
3323,9780140439050
3324,9780385351840
3325,9780552144320
3326,9780451227200
3327,9780007491440
3328,9780062220970
3329,9780385540350
3330,9780060788190
3331,9781590521200
3332,9780316213100
3333,9780446615130
3334,9781451693590
3335,9780547386070
3336,9780451224640
3337,9781442423690
3338,9780316156110
3339,9781423128200
3340,9780345422410
3341,
3342,9780679733740
3343,9780345532750
3344,9780486275500
3345,9780062348680
3346,9780140434780
3347,9781419704280
3348,9780395181560
3349,9780684826810
3350,9781423104870
3351,9780812972120
3352,9780140296280
3353,9780671661540
3354,9781847374590
3355,9780525952060
3356,9780767927570
3357,9780446531090
3358,9780330316120
3359,9780575058090
3360,9780345348650
3361,9780684852870
3362,9780552154180
3363,9780679882820
3364,9780060512640
3365,9780061566160
3366,9780316734950
3367,9780446522600
3368,9781442465950
3369,9780142407390
3370,9783522168570
3371,
3372,9780451474700
3373,9780385350280
3374,9780553584510
3375,9780671729460
3376,9780399214580
3377,9780812966930
3378,9780441020010
3379,9780393971670
3380,9780061655500
3381,9780808595040
3382,9780312992420
3383,9788575425770
3384,9780983212550
3385,9780670021250
3386,9780345467540
3387,9780143039490
3388,9780679732180
3389,9780141357270
3390,9781416940290
3391,9780345542960
3392,9780830816510
3393,9780786938250
3394,9780525950610
3395,9781563892040
3396,9781563891700
3397,9780140013080
3398,9780688159320
3399,9781878424440
3400,9780099478450
3401,9781451617820
3402,9780671666070
3403,9780060512740
3404,9780140449080
3405,
3406,9780345490380
3407,9780553382620
3408,9780441017390
3409,9780061750440
3410,9780449214190
3411,9780061779820
3412,9780099481250
3413,9780684802040
3414,9781416925000
3415,9780374404150
3416,9780061929370
3417,9780375724830
3418,9780552555710
3419,9780486419310
3420,9780385735350
3421,9781594202670
3422,
3423,9780060763280
3424,9780312624700
3425,9783423124170
3426,
3427,9780307700000
3428,9780553379330
3429,9780385538500
3430,9780061869710
3431,9780345458940
3432,9781476753610
3433,9780670021480
3434,2940015136290
3435,9780062224070
3436,9780785190220
3437,9780425212870
3438,9786144320650
3439,9780142403710
3440,9780061558220
3441,9780545424980
3442,9780449010880
3443,9780425192730
3444,9780060824980
3445,9780758216410
3446,9780755379290
3447,9780473235500
3448,9781434767950
3449,9780671023190
3450,9780060594660
3451,9780486422460
3452,9780064472790
3453,9781250003320
3454,9780312984820
3455,9780446696590
3456,9780061340640
3457,9780879234620
3458,9780345543070
3459,9780192838670
3460,9780486410230
3461,9781455566020
3462,9780385619260
3463,9780441020420
3464,9780060595180
3465,9780440174240
3466,9780062413860
3467,9780316069430
3468,9780425162450
3469,9780060741880
3470,9780743499700
3471,9780439846810
3472,9780374515360
3473,9781847386820
3474,9780425265630
3475,9780312380720
3476,9781573226880
3477,9788466302940
3478,9780345533620
3479,9781416521690
3480,9780834800790
3481,9780553448180
3482,9780805211060
3483,9780425256860
3484,9781605977270
3485,9780307265780
3486,9780061720820
3487,9780670060290
3488,9780375756790
3489,9780553562740
3490,9781455521200
3491,9780812994520
3492,9780552148060
3493,9780446520590
3494,9780316225940
3495,9780385512050
3496,9780061783180
3497,9780679889180
3498,9780670070300
3499,9780395530080
3500,9780880386720
3501,9780345475700
3502,9780763660410
3503,9781401308670
3504,9780061159180
3505,9780141186350
3506,9781421500160
3507,9780316069520
3508,9780142437960
3509,9780859536590
3510,9780515136810
3511,9780553280590
3512,9780385533850
3513,9780553579760
3514,9780061583220
3515,9780312377630
3516,9780718149120
3517,9781846052580
3518,9780060533990
3519,9781400034210
3520,9780399504330
3521,9781401210080
3522,9780451226260
3523,9780141185910
3524,9780142004040
3525,9780812994860
3526,9781484732750
3527,9780061783200
3528,9780385538730
3529,9780449016190
3530,9780345369350
3531,9780553805600
3532,9780804178330
3533,9780312997140
3534,
3535,9780684807320
3536,
3537,9780446577400
3538,
3539,9780307020710
3540,9780679750540
3541,9780345475830
3542,9780071401940
3543,9780385418490
3544,9781582406190
3545,9780393081570
3546,9780767903390
3547,9780060890320
3548,9780743457580
3549,9780425267070
3550,9780316677460
3551,9780307279900
3552,9780140431960
3553,9781455581120
3554,
3555,9781594483070
3556,9780307277750
3557,9780064401750
3558,9781862308170
3559,9780804170700
3560,9781400079490
3561,9780786888760
3562,9780441001870
3563,9781423118240
3564,9780446697330
3565,9781416927840
3566,9780812974010
3567,9780452287140
3568,9780965030070
3569,9780446354740
3570,9780670037600
3571,9781416547040
3572,9781400032530
3573,9780060539820
3574,9780007311000
3575,9781579731820
3576,
3577,9780316905720
3578,9780451457770
3579,9780307264560
3580,9781406954360
3581,9780143039940
3582,9781576737160
3583,9780064472810
3584,9780312954470
3585,9780679743620
3586,9780805079840
3587,9780007557900
3588,9780060572150
3589,
3590,9780099483500
3591,9780310234690
3592,9783401063480
3593,9781599900510
3594,9780192123180
3595,9780316341520
3596,9780670059840
3597,9780452285220
3598,9780743264460
3599,9781101886960
3600,9780425161300
3601,9780765348810
3602,9780785129220
3603,9780805091750
3604,9780688177770
3605,9780515139750
3606,9780061658200
3607,9781622662650
3608,9780515139750
3609,9780965900580
3610,9780767912240
3611,9780441017840
3612,9780449000660
3613,9781400031050
3614,9780786224690
3615,9781250014530
3616,9780451228220
3617,9781599903420
3618,9781439102250
3619,9780385339470
3620,9781568650940
3621,9780312352560
3622,9780316036280
3623,9781846058300
3624,9780545290590
3625,9780393327660
3626,9780805076680
3627,9781741664480
3628,9780740748480
3629,9781569319630
3630,9780061470850
3631,9780385495650
3632,9781857231360
3633,
3634,9780452287890
3635,9781888963140
3636,9780375846150
3637,9781416983090
3638,9780312424090
3639,9780760704070
3640,9780006174420
3641,9781416556050
3642,9781853260740
3643,9780812978190
3644,9781416509370
3645,9780007240200
3646,9780143036620
3647,9788203195520
3648,9781416903440
3649,
3650,9780316925280
3651,9781421501090
3652,9780060766210
3653,9780553815020
3654,9780061161700
3655,9781416990670
3656,9781401359610
3657,9780375829870
3658,9780736421970
3659,9781250066630
3660,9781563892880
3661,9780060522000
3662,9780307001140
3663,
3664,9781406309360
3665,9781423147950
3666,
3667,9780805098550
3668,9780060580670
3669,9780670869760
3670,9780316217620
3671,9780751531180
3672,9781401200760
3673,9780061138010
3674,9781401902160
3675,9780609809650
3676,9780393960430
3677,
3678,9789793062790
3679,9781934964380
3680,9780425198740
3681,9780758213500
3682,9780061988350
3683,9780316051640
3684,9780061002820
3685,9780345534520
3686,9780007178380
3687,9780451225730
3688,9780446611240
3689,630809681058
3690,
3691,
3692,9780375759310
3693,9780399157390
3694,9781400203760
3695,9780060555660
3696,9780553802020
3697,9780316123360
3698,9780590225180
3699,9780486414230
3700,9780192839930
3701,9781476792480
3702,9780778325340
3703,9780099282200
3704,9781442496000
3705,9780446699550
3706,
3707,9781401307780
3708,9780802142440
3709,9780312999520
3710,9780743474150
3711,9780316056210
3712,9780439650760
3713,9780316159780
3714,9780399256610
3715,9780140435120
3716,9780345506400
3717,9780143037490
3718,9781416905850
3719,9789871144270
3720,9780451528810
3721,9780316009850
3722,9781609452860
3723,9780786838190
3724,9780143145450
3725,9780316187700
3726,9781416913630
3727,9780316098790
3728,9780803731530
3729,9781416549120
3730,9780061843400
3731,9780385611080
3732,
3733,9780812993010
3734,9780810959540
3735,9780452253800
3736,9780062101890
3737,9781841580650
3738,9780373773110
3739,9780312368580
3740,9780805017590
3741,9780553807260
3742,9780439796640
3743,9780064434510
3744,9780156029020
3745,9780312368460
3746,9781609089470
3747,9780062257830
3748,
3749,9780062265940
3750,9780765354950
3751,9781400068720
3752,
3753,9780439827610
3754,9780586010170
3755,9780974607800
3756,9781501111680
3757,9780374173950
3758,9780345338590
3759,9780441017780
3760,9780007165160
3761,9780060989160
3762,9780007169980
3763,9780451527710
3764,9780684862220
3765,9781560601760
3766,9780316099660
3767,9780425190370
3768,9780345533650
3769,9780439474290
3770,9780553499120
3771,9780812521400
3772,9780316954990
3773,9781567921890
3774,9780064402750
3775,
3776,9780385333760
3777,9780061449150
3778,9781311051160
3779,9780099642620
3780,9780770429450
3781,9780373210270
3782,9781594489260
3783,9780062048510
3784,9781455521200
3785,9780141187170
3786,9780743270410
3787,9780140244820
3788,9781400080660
3789,9780385520690
3790,9780064406310
3791,9781841954320
3792,9780385520520
3793,9781595143210
3794,9780552998760
3795,9780007157170
3796,9781416950070
3797,9780060891560
3798,9780316187720
3799,9780809594080
3800,9780425224200
3801,9780316036270
3802,9780755309510
3803,9780553804810
3804,9780425209930
3805,9780385342320
3806,9780425203900
3807,9780312956740
3808,9780151365040
3809,9781582404130
3810,9781591842330
3811,9780060858800
3812,9781400065740
3813,9781435122950
3814,9780061138030
3815,9781609611540
3816,
3817,9780345350800
3818,9780060548250
3819,9780061138060
3820,9780141182350
3821,9780399142790
3822,9781476785650
3823,9780316120560
3824,9780425150990
3825,9780785165620
3826,9780689871210
3827,9781401223180
3828,9780375713280
3829,9780316018780
3830,9780064409600
3831,9780452281900
3832,9780515142820
3833,9780809599810
3834,9780345341680
3835,9780451221250
3836,9780749748010
3837,9780385491040
3838,9780446401040
3839,9780553589400
3840,9780500275820
3841,9780312379290
3842,9781416983100
3843,9781595543420
3844,9780618001900
3845,
3846,9781451635750
3847,9780778329860
3848,
3849,9780375424140
3850,9780316196990
3851,9780446679090
3852,9781937053150
3853,9780451529460
3854,9781421527640
3855,
3856,9780312315730
3857,9780394402670
3858,9780061056900
3859,9781416576750
3860,9780152045650
3861,9780385534800
3862,9780451229730
3863,9781627040170
3864,9780759529520
3865,9781455806940
3866,9781569479810
3867,9781594487130
3868,9780140449270
3869,9780571215160
3870,9780446667910
3871,9780142408800
3872,9780684843260
3873,9780399175170
3874,9780515140870
3875,9780451230640
3876,9780751525360
3877,9780307596860
3878,9780143039590
3879,
3880,9781250109310
3881,9783822812150
3882,9780307951530
3883,9780060735460
3884,9780553281740
3885,9780385689230
3886,9780440229120
3887,9780671744210
3888,9780316025060
3889,9780140233130
3890,9780736908560
3891,9780312364690
3892,9780385315140
3893,9780060740220
3894,9780440235160
3895,9780803733560
3896,9780743222260
3897,9781563898690
3898,9780374105980
3899,9780345258560
3900,9780679890480
3901,9780385742380
3902,9781416547080
3903,9780802133910
3904,9780553213160
3905,9781401303360
3906,9780385340600
3907,9780393975000
3908,9781455557100
3909,9780380815580
3910,9780786837880
3911,9781573226070
3912,9780670018860
3913,9780571144560
3914,9781250000990
3915,9780765348260
3916,9780300093060
3917,9781593070560
3918,9780842329260
3919,9780670061010
3920,9780751503890
3921,9781415915620
3922,9780590316810
3923,9780517415280
3924,9780345405140
3925,9780553278000
3926,9781439123130
3927,
3928,9780060748130
3929,9780394574750
3930,9780140449500
3931,9780310331930
3932,9781932664220
3933,9780393329120
3934,9781420925810
3935,9780312351620
3936,9780394856390
3937,9781416554840
3938,9780345363310
3939,9780500237520
3940,9780345515480
3941,9780312156960
3942,9781593072940
3943,9780738710180
3944,9781591827990
3945,9780446604840
3946,9780979528540
3947,9780316057810
3948,9780743484880
3949,9780486414250
3950,9780553805470
3951,9780684815010
3952,9780670026200
3953,9781595581040
3954,9780486431680
3955,9780385350850
3956,9781442409070
3957,9780312939010
3958,9780316154860
3959,9781401215810
3960,9781401359800
3961,9780385350820
3962,9780451419930
3963,9780553268930
3964,9780806512820
3965,9780446607280
3966,9780743243780
3967,9780061778940
3968,9781423161620
3969,9780345447980
3970,9780451231610
3971,9780440132940
3972,
3973,9780385313870
3974,9780689860070
3975,9780061996210
3976,
3977,9781421506230
3978,9780553299500
3979,9780440241360
3980,9780751552610
3981,9781616550550
3982,9780446699560
3983,9780060525590
3984,9780373773920
3985,9781400083020
3986,9780802142640
3987,
3988,9780064440590
3989,9780786915880
3990,9780425217240
3991,9780064410470
3992,9781416954170
3993,9780345546920
3994,
3995,
3996,9788370540790
3997,9780060759960
3998,9780060512150
3999,9781416997920
4000,9781741663010
4001,9780062200630
4002,9780062194720
4003,9781934648210
4004,9780156421170
4005,9780446694840
4006,9780345533490
4007,9781423121280
4008,2940044980980
4009,9780802138260
4010,9780859537280
4011,
4012,9781593078220
4013,9780061718950
4014,9780553233700
4015,9780802150590
4016,9780679723110
4017,9780061144840
4018,9780140092510
4019,9780785100490
4020,9781936365750
4021,9781595144910
4022,9780316024650
4023,9781849231850
4024,9781442445800
4025,9780446699530
4026,9780345461670
4027,9781400031370
4028,9781416571740
4029,9780062120400
4030,9780312938820
4031,9780060735450
4032,9781250074130
4033,9780670785600
4034,
4035,9780609602200
4036,9781595143430
4037,
4038,9780312372130
4039,9780805089260
4040,9780446607710
4041,9780345505000
4042,9780380728020
4043,9780140369270
4044,9780765345040
4045,9788129135730
4046,9780836218310
4047,9780446675500
4048,9781846057920
4049,9780765329040
4050,9781570623450
4051,9780312658660
4052,9780671729490
4053,9780736423120
4054,9780810933510
4055,9780060975780
4056,9781416595210
4057,9780345464020
4058,9781439164690
4059,9781591840210
4060,9780399162440
4061,9781932664490
4062,9780553270940
4063,9780451466810
4064,9780861661410
4065,9780739453830
4066,9780553587690
4067,9780345366240
4068,
4069,9780152052220
4070,9780345335080
4071,9780393301590
4072,9781444737100
4073,9780345545860
4074,9780553392420
4075,9780785115310
4076,9780061214710
4077,
4078,9780060933170
4079,9780380715440
4080,9780446580270
4081,9780312424440
4082,9781511660660
4083,9780060734560
4084,9780749932820
4085,9780425195480
4086,
4087,9780060755870
4088,9780316043120
4089,9780345483450
4090,9780060628390
4091,9780060931740
4092,9780609807900
4093,9780316221340
4094,9780142401100
4095,9780446609400
4096,9780743225700
4097,9781626720950
4098,
4099,9781847371670
4100,9781934137190
4101,9781857233800
4102,9781502446930
4103,9781400077810
4104,9780679734510
4105,9780749935870
4106,9780679734530
4107,9781608870080
4108,9780060898490
4109,9781301673870
4110,9780739467050
4111,9780670026330
4112,9780553157250
4113,9780330411970
4114,9780689872990
4115,9780805093000
4116,9780060885600
4117,9781594481710
4118,9781573223320
4119,9780553804360
4120,9780141026170
4121,9780749932980
4122,9781250046390
4123,
4124,9780553588250
4125,9781423110700
4126,9781416950100
4127,9780425175410
4128,9780316393870
4129,9780345494860
4130,9780345463160
4131,9780380730350
4132,9780316905730
4133,9780345471180
4134,9780553581550
4135,9781442484240
4136,9781400082540
4137,9780312342030
4138,9780765347760
4139,9780060790590
4140,9780060518510
4141,9780007233700
4142,9781423147950
4143,9780062235670
4144,
4145,9780375913750
4146,9780307381460
4147,9781592406590
4148,9780553578520
4149,9780140443330
4150,9780312655470
4151,9781581344980
4152,9780307376660
4153,9780345425510
4154,9781592975040
4155,9780446579220
4156,9780373210040
4157,9781571740560
4158,9780062071130
4159,9780739328280
4160,9780060527980
4161,
4162,9780385522270
4163,9780800793010
4164,9780307595130
4165,9780062336380
4166,9780553376050
4167,9780439856260
4168,9780778328800
4169,9781561483400
4170,9781595142510
4171,9780786886300
4172,9780399155820
4173,9780785121790
4174,9780805421310
4175,9781439133770
4176,
4177,9780307119410
4178,9780316403440
4179,9780345470580
4180,9780395416690
4181,9780553572390
4182,9780756402980
4183,9780744549520
4184,9780345529370
4185,
4186,9781402735420
4187,9780440182930
4188,9780060739420
4189,9780967673740
4190,9781857232560
4191,9780553583180
4192,9780099271500
4193,9780062026510
4194,
4195,9780062317150
4196,9780440442510
4197,9781876175700
4198,
4199,9781595540220
4200,9780316043920
4201,9780399226170
4202,9780374191480
4203,9780373210590
4204,9780061668070
4205,9781590171690
4206,9780736420950
4207,9780545324090
4208,9780440420480
4209,9780446580830
4210,9780440236560
4211,9781400067890
4212,9780385351380
4213,9781607061600
4214,9780440418510
4215,9780786931580
4216,9780061779750
4217,9780575070530
4218,9780060852020
4219,9780141439880
4220,9780330369950
4221,9780140168130
4222,9781585678750
4223,9780061659220
4224,9781476248950
4225,9781455581080
4226,9780062072090
4227,9781594489170
4228,9781563893120
4229,9780618391000
4230,9780743437320
4231,9780553278030
4232,9780156032830
4233,9781582349060
4234,9780060724700
4235,9789770932930
4236,9780380709590
4237,9781857028160
4238,9780349108390
4239,9780802123460
4240,9781579126280
4241,
4242,9780060512620
4243,9781451626070
4244,9781847024700
4245,9780736423090
4246,9780062290400
4247,9780307960470
4248,9780312530650
4249,9780007198920
4250,9780307277770
4251,9780099446730
4252,9780609800140
4253,9780349117040
4254,9780399162170
4255,9780008250450
4256,9780618724830
4257,9780786939850
4258,9780525471350
4259,9780399157450
4260,9781576754220
4261,9780689861130
4262,9781585426010
4263,9780061230940
4264,9789953890530
4265,9780060897840
4266,9780553274190
4267,9781481200580
4268,9780812974610
4269,9781455536250
4270,9780671201590
4271,9780517220770
4272,9780786886810
4273,9780451528160
4274,9781400052300
4275,9780805080510
4276,9780446612750
4277,9781598183600
4278,9780060562520
4279,9780152063120
4280,9781595540360
4281,9780778303760
4282,9780385526340
4283,9781439136640
4284,9780553381010
4285,9781416591050
4286,9780743455800
4287,9780842356220
4288,9780152053110
4289,9780786229080
4290,9780061043570
4291,9780689847430
4292,9780142003700
4293,9780452285930
4294,9780446616490
4295,9780755328950
4296,9780679847600
4297,9781423409460
4298,9780451187840
4299,9780374384720
4300,
4301,9780802130720
4302,9780451223890
4303,9780060525610
4304,9781594488800
4305,9780425256750
4306,9780062286920
4307,9781476756660
4308,9780515139400
4309,9781594481890
4310,9780060888630
4311,9781416936500
4312,
4313,9780812992890
4314,9781416900310
4315,9780064430970
4316,9781842430360
4317,9780060988650
4318,9781406350490
4319,9780679728740
4320,9780842339770
4321,9781594205380
4322,9781401390270
4323,9781419710210
4324,9780451419710
4325,9781582404880
4326,9781857983420
4327,9781414315710
4328,9780743457260
4329,9781442402320
4330,9780872205540
4331,9780786865060
4332,9780140440390
4333,9781593081200
4334,9780061714310
4335,9780312359320
4336,9780811200130
4337,9780316734840
4338,9780393326000
4339,9781402784040
4340,9780451227940
4341,9780195189770
4342,9781595541900
4343,9780061345690
4344,9780399255370
4345,9780060096090
4346,9781451612070
4347,9780316037530
4348,9780679772870
4349,9780446611630
4350,9780062278970
4351,9780440415790
4352,9780330340330
4353,9780006174430
4354,9780241144140
4355,9780525478120
4356,9780060005700
4357,9780440226680
4358,9780316166320
4359,9780486424580
4360,9780670038570
4361,9780553278740
4362,
4363,9781841150500
4364,9780060594890
4365,
4366,9782839906170
4367,9780393064480
4368,9780312194390
4369,9780385722220
4370,9780670038300
4371,9780345418420
4372,9780316125840
4373,
4374,9780525429140
4375,9780590416020
4376,9789770919410
4377,
4378,9780316219040
4379,9780752876450
4380,9780385341950
4381,9780553496680
4382,9780316410980
4383,9781842322760
4384,9781594205420
4385,9780385521380
4386,9780765376470
4387,9780553582740
4388,9781400044610
4389,9781400054350
4390,9780767912270
4391,9780143036470
4392,9780345479720
4393,9781606840570
4394,9781400041210
4395,9780345409870
4396,9780152046930
4397,9780743201150
4398,9781401309660
4399,9780395083630
4400,9780670034800
4401,9780312377020
4402,9781455807050
4403,9781465341880
4404,9780684856090
4405,9780810984260
4406,9780312932800
4407,9780061962780
4408,9780062012010
4409,
4410,9780618390980
4411,9781591840560
4412,9780385528190
4413,9780399154140
4414,9781416938740
4415,9784063347760
4416,9780380782340
4417,9780061995030
4418,9780743243800
4419,9780440421210
4420,9780062311080
4421,9780876859260
4422,9780385339410
4423,9780749934090
4424,9780312599070
4425,9780425222200
4426,9781594202250
4427,9780743431020
4428,9780061558270
4429,9780394726410
4430,9780399159890
4431,9781416535200
4432,9781582408840
4433,9781416580960
4434,9780064440030
4435,9780140449300
4436,9780062081020
4437,9780316225880
4438,9780771064870
4439,9780899197690
4440,9781405034140
4441,9780142437890
4442,
4443,9780394757680
4444,9780394758280
4445,9780805080510
4446,9780451228670
4447,9780425195210
4448,2940015495870
4449,9781423163010
4450,2940016249310
4451,9780385346990
4452,9780671011380
4453,9780842345520
4454,9780765318410
4455,9780553146970
4456,9780375990670
4457,9780545540600
4458,9781597372560
4459,9781857238270
4460,9780441006110
4461,
4462,9780060927490
4463,9780446539750
4464,9781585673700
4465,9780449902930
4466,
4467,9781250006220
4468,9780670886590
4469,9781476707720
4470,9781442436640
4471,9780007118890
4472,9780765336410
4473,9780743243320
4474,9780670016780
4475,9780571203130
4476,9780064400210
4477,9781451624460
4478,9780061351430
4479,9780425233370
4480,9780399256940
4481,9780345477000
4482,9780842342710
4483,9780836221370
4484,9781595828120
4485,9780415278480
4486,9788370540370
4487,9780618249060
4488,9781596064850
4489,9780062372110
4490,9781846057650
4491,9780062244760
4492,9781416971760
4493,9780767915820
4494,9781401210110
4495,9780810979770
4496,9780593054600
4497,9780007208000
4498,9780345524590
4499,9781402284310
4500,9781595145840
4501,9788190416950
4502,9780061988240
4503,9780140436230
4504,9780192839770
4505,9781502541860
4506,9780312939010
4507,9781401204880
4508,9780060958020
4509,9788433968680
4510,9780060987050
4511,9781449410250
4512,9780446580340
4513,9780316014280
4514,9780316905750
4515,9781407247430
4516,9780385354300
4517,9780385334170
4518,9781439181780
4519,9780451460290
4520,9781555974700
4521,9781563891430
4522,9781632154380
4523,9781416543690
4524,9780453007440
4525,9780440779030
4526,9780060822550
4527,9780679774020
4528,9780425147510
4529,9780670024970
4530,9780765351550
4531,9780571166930
4532,
4533,9781591141270
4534,9780689840330
4535,9781405209500
4536,9780812932290
4537,9780872206040
4538,9781847442410
4539,9780385344400
4540,
4541,9780547152610
4542,9780842329280
4543,9780316214440
4544,9780553271360
4545,9780547569660
4546,9780385341970
4547,9780316099750
4548,9780842332290
4549,9780061240270
4550,9780060525860
4551,9780099366710
4552,9781250031130
4553,9780345367690
4554,9781593074490
4555,9780752834560
4556,9780749907420
4557,9780552772270
4558,9780849905700
4559,9781408810450
4560,9780142002070
4561,9780140238280
4562,9780061659260
4563,9781594634670
4564,
4565,9780060012340
4566,9780195067150
4567,9780152052610
4568,9781250019810
4569,
4570,9780525952990
4571,9780553813140
4572,9780316234470
4573,9780312656270
4574,9781401202020
4575,9780689831870
4576,9780425285180
4577,9780374349460
4578,9780142501530
4579,9780963192560
4580,9780689868210
4581,9780670072810
4582,9780375757180
4583,9780062094740
4584,9780679725170
4585,9781857237370
4586,9780743219570
4587,9780061985870
4588,9781857236550
4589,9780312377040
4590,9780316018950
4591,
4592,9780393924760
4593,9780060525640
4594,9781250128550
4595,9780312377040
4596,9781451656500
4597,9780140189990
4598,9780451160320
4599,9781423144340
4600,9780316043890
4601,
4602,9780375700520
4603,9780375836590
4604,9780425267080
4605,9780142437310
4606,9788497593880
4607,9780374187610
4608,9781857230760
4609,9780312150600
4610,9781101875940
4611,9780380820850
4612,9780152057800
4613,9780727861000
4614,9780307264190
4615,9780399170870
4616,9780553578680
4617,9780316225950
4618,9780230706160
4619,9780515136530
4620,9780060536350
4621,9780316246650
4622,9780822219000
4623,
4624,9780312649620
4625,
4626,9780316224130
4627,9780446576990
4628,9783847905170
4629,9780307956350
4630,9780743453000
4631,9780316099780
4632,9780842329290
4633,9780385518340
4634,9780312278500
4635,9780316219360
4636,9780451213200
4637,
4638,9780142004420
4639,9780451212450
4640,9780679723690
4641,
4642,9780582418170
4643,9780785213060
4644,9780670063120
4645,9780486455590
4646,9780064432540
4647,9780425203870
4648,
4649,9780060001510
4650,9781416949670
4651,9780345533630
4652,9781300160300
4653,9780140259440
4654,9780553418840
4655,9780061921260
4656,9780345478160
4657,9780743482970
4658,9780425193820
4659,9780316101840
4660,9781400079090
4661,9780345376600
4662,
4663,9780310266300
4664,9780979777710
4665,9781416914170
4666,9781439165640
4667,9780399250580
4668,9780061944340
4669,9780061232920
4670,9780688156820
4671,9780375705040
4672,9780811216550
4673,
4674,9781476727910
4675,9780399250570
4676,9789771754960
4677,9781590523180
4678,9780553479010
4679,9780060773760
4680,9780739439070
4681,9780312971240
4682,9780440217500
4683,9780143034350
4684,9780553585970
4685,9780061692050
4686,9780143037230
4687,9780689859370
4688,9780140284580
4689,9781421532010
4690,9780743490090
4691,9780865471180
4692,9781594489860
4693,9780312351660
4694,9780399157530
4695,9780872204200
4696,9780399155680
4697,9781451664130
4698,9780553269220
4699,9780385721710
4700,9780446612760
4701,9780330376150
4702,9780684845780
4703,9780446554960
4704,9780307401240
4705,9780312650090
4706,9781608198060
4707,9780060987470
4708,
4709,9780395137210
4710,9780316190080
4711,9780151012750
4712,9780590554080
4713,9780553589500
4714,9781501142540
4715,9780310263460
4716,9780140183530
4717,9780764224740
4718,9780451464960
4719,9780393311200
4720,9780439791460
4721,9780525950790
4722,9780679736040
4723,9780375759860
4724,9780385534820
4725,9780307594880
4726,9780812536360
4727,9780521657300
4728,9781579126290
4729,9780810909660
4730,9780425197490
4731,9780553383680
4732,9781416527270
4733,9780140432080
4734,9780062225080
4735,9781401322430
4736,
4737,9780446571620
4738,9780425266520
4739,9781934964100
4740,9780805082110
4741,
4742,
4743,9780470484230
4744,9780345032800
4745,9780449818440
4746,9780192836380
4747,9781595549630
4748,9780786866020
4749,9780743449750
4750,9780547251270
4751,9780061449180
4752,
4753,9780345419680
4754,9780515142860
4755,9780156031200
4756,9781568650950
4757,9781423301850
4758,9780143036260
4759,9780767903580
4760,
4761,9781250011920
4762,9780307463630
4763,9780375727020
4764,
4765,9780785114770
4766,9780439014570
4767,9780547564650
4768,9780446677940
4769,9780670038340
4770,9780307931900
4771,9780061231410
4772,9781400043870
4773,9780060525650
4774,9780449000760
4775,9780375814690
4776,9781607513510
4777,9780675093250
4778,
4779,9780446400150
4780,9780192834100
4781,9780312934330
4782,9780747594150
4783,9783453532980
4784,9781741753590
4785,9780064301380
4786,9781611099690
4787,
4788,9780571219350
4789,9780553804830
4790,9780374104110
4791,9780689859400
4792,9780061966900
4793,9780385498810
4794,9780060567120
4795,9780425098650
4796,9780517543050
4797,9780425204210
4798,9780440243910
4799,9780345373530
4800,9780060177250
4801,9780553589380
4802,9780345497630
4803,9780316219270
4804,
4805,9781416580940
4806,9780553813160
4807,9780988695110
4808,9781477825940
4809,9789380658670
4810,9780312265050
4811,9780195168950
4812,9780307162340
4813,9780446617610
4814,9780385738830
4815,9780330398050
4816,9780061783200
4817,9781937053160
4818,9780007288380
4819,9780545040520
4820,9780452281460
4821,9780152063850
4822,9780871401530
4823,9780609610570
4824,9780393240240
4825,9780399156590
4826,
4827,9780061147980
4828,9780375724500
4829,
4830,9781595143230
4831,9780316114270
4832,9780879235730
4833,9781402245790
4834,
4835,9789793062920
4836,9780743250630
4837,9780525953070
4838,9781400047470
4839,9780312642690
4840,9780007563040
4841,9781455549010
4842,9780452284450
4843,9781400069800
4844,9780152020680
4845,9781594744550
4846,9780553807240
4847,9780688128980
4848,9780140143510
4849,
4850,9780553351390
4851,9789792335580
4852,9781501117210
4853,
4854,9780385608020
4855,9780930289450
4856,9781400069590
4857,9780061783170
4858,9780743571360
4859,9780425165580
4860,9780060763890
4861,9780785263720
4862,9780060256720
4863,9780061006620
4864,9780525951580
4865,9780060088870
4866,
4867,9780425227720
4868,9780875793270
4869,9781570820880
4870,9780141439860
4871,9780515116760
4872,9781842431020
4873,9780374260510
4874,9781401202220
4875,9780804192970
4876,9780345515510
4877,9780007175190
4878,
4879,9780062248470
4880,9780865163480
4881,9781563893280
4882,9780307595120
4883,9780307960310
4884,9781455501470
4885,9780316017440
4886,9780670447170
4887,9780061733640
4888,9780671729420
4889,9780061957900
4890,9780310240010
4891,9780786932180
4892,9780316036180
4893,9780142000150
4894,9781577312290
4895,9780060584020
4896,
4897,9780312360820
4898,9781556525320
4899,9780141020520
4900,9780062225470
4901,9780553590170
4902,9782070364240
4903,
4904,9780345475820
4905,9780451215710
4906,9780345349580
4907,9780142407580
4908,9780060554740
4909,9780330348780
4910,9780749941990
4911,9781423119500
4912,9780525952760
4913,9780778321610
4914,9781560768810
4915,9780446616620
4916,9780316000960
4917,9780446539810
4918,
4919,9780310247530
4920,9780316059860
4921,9781937007580
4922,9780345524610
4923,9780316211290
4924,9780446604090
4925,9780061433020
4926,9780061259340
4927,9781595540350
4928,9780312655460
4929,
4930,9784757518090
4931,9780345329460
4932,9780060596990
4933,9780893662130
4934,9780399252650
4935,
4936,9781590521360
4937,9780808553040
4938,9780375703060
4939,9780805210550
4940,9781569242640
4941,9780786933880
4942,9780374530630
4943,9789753638030
4944,9780345379630
4945,9781557488150
4946,9781439136830
4947,9781423102990
4948,9780446195970
4949,9780061628020
4950,9780399256930
4951,9781401216220
4952,9780060744520
4953,9780062273210
4954,9781461052140
4955,9780345348660
4956,9780340936150
4957,9780425259860
4958,9781592406520
4959,9780399155480
4960,9780876853630
4961,9780316229300
4962,9781846247190
4963,9780552150220
4964,9780670019630
4965,9780140389660
4966,9780307582390
4967,9780061579040
4968,9780060744880
4969,9788252574590
4970,9780385342320
4971,9780684804480
4972,9780375701900
4973,9780375701960
4974,9780413774030
4975,9780545052400
4976,9780261102160
4977,9780385521220
4978,9780451452020
4979,9780060735430
4980,9789953890580
4981,9781600965270
4982,9780060542090
4983,9780099478420
4984,9781419711890
4985,9780152046910
4986,9780316018710
4987,9781408859640
4988,9780451419910
4989,9780452281430
4990,9781414310560
4991,9780143417230
4992,9780060548930
4993,9780380720870
4994,9780802136690
4995,9780312382860
4996,9780679728890
4997,9781841497970
4998,9781423194550
4999,9781854596380
5000,9780446401050
5001,9781421514820
5002,9789953716890
5003,9780307118390
5004,9780060002500
5005,9780380810340
5006,9780515141400
5007,9780425210280
5008,9780894864020
5009,9781933480090
5010,9780743426800
5011,9781400069620
5012,9780446504130
5013,9780446579670
5014,9780743497300
5015,9780553272120
5016,9780689872370
5017,9781439136800
5018,9780142428700
5019,9780224063980
5020,9780142300700
5021,
5022,9788423648990
5023,9781594487580
5024,9780679744470
5025,9781450595990
5026,9780007203120
5027,9780060894080
5028,9780671449020
5029,9780064473620
5030,9780842332290
5031,9781594205000
5032,9780385733980
5033,9780752861750
5034,9780385736850
5035,9780965925080
5036,9780385907510
5037,9780375758780
5038,9781595144360
5039,9781250010120
5040,9780385741390
5041,9781579126930
5042,9780749934120
5043,9780345807150
5044,9780425212040
5045,9780060535030
5046,9789770915350
5047,9780345460010
5048,9780060751650
5049,9780689860060
5050,9780446574460
5051,9780140280560
5052,9780553241600
5053,9780545176870
5054,9780719568960
5055,9780553291000
5056,9780152018480
5057,9780061129770
5058,9781400063840
5059,9780062049640
5060,9780451233190
5061,9780312933550
5062,9780743482880
5063,
5064,
5065,9780553805550
5066,9780060730260
5067,9780007273740
5068,9780195007770
5069,9780805072070
5070,9781932100660
5071,9780333710940
5072,9780345455290
5073,9781857987640
5074,9782723495620
5075,9780316737370
5076,9780349111890
5077,9781416516730
5078,9780061767590
5079,9781440154230
5080,9780340686030
5081,9780679764410
5082,9780307948690
5083,9780399153360
5084,9780141023430
5085,9781406331160
5086,9780345495360
5087,9781455503250
5088,9780375757910
5089,9780060084610
5090,9780446581200
5091,9780316057550
5092,9780553816330
5093,9780060888640
5094,9780061251340
5095,9780316780380
5096,9781301786460
5097,9780451203780
5098,9780988489110
5099,9780060507770
5100,9780553275730
5101,9780312243360
5102,9781616386110
5103,9780062073170
5104,9781400068170
5105,9780316254780
5106,9781409521970
5107,9781416997950
5108,9780440228650
5109,9780425182870
5110,9780785139870
5111,
5112,9780451225010
5113,9781600104830
5114,9780192751030
5115,9781600963940
5116,9780394752850
5117,9780345528210
5118,9781250091840
5119,9780385518510
5120,9780312421430
5121,9780451210560
5122,9780446698220
5123,9780743219600
5124,9781250019840
5125,9780330426640
5126,9789707704660
5127,9781565126800
5128,9780375727280
5129,9780553804320
5130,
5131,9781682305030
5132,9780385349830
5133,9780312380790
5134,9780007117150
5135,9780671758900
5136,9780689869130
5137,
5138,9780345438320
5139,9780345527780
5140,9780375870900
5141,9780345414010
5142,9781414318640
5143,9780395870820
5144,9780399148700
5145,9780886773790
5146,9780374521720
5147,9780006497010
5148,9780062002330
5149,9781451665600
5150,9780312426230
5151,9780689859400
5152,9780689846240
5153,9780373210630
5154,9780446569900
5155,9780767915300
5156,9780778313080
5157,9780375703060
5158,9780515128540
5159,9780316000970
5160,9780345374720
5161,9781476798170
5162,9780751531210
5163,9780684839390
5164,9781780892890
5165,9780060562500
5166,9780399155160
5167,9780553505850
5168,9780786901650
5169,9781416983250
5170,2940016319510
5171,9780425189030
5172,2940016487080
5173,9781401202320
5174,9780399171090
5175,9780515138820
5176,9780312939020
5177,9781608195220
5178,
5179,9780345481290
5180,9780671447540
5181,9781401210090
5182,9780345455680
5183,9781301442430
5184,9781250059310
5185,
5186,9781612184720
5187,9780679753340
5188,9780451076460
5189,9780140447420
5190,
5191,9780224093610
5192,9781857988220
5193,9781423121300
5194,9780060725130
5195,9780425100650
5196,9780525954580
5197,9781939392750
5198,9780553383840
5199,9780805088410
5200,9781423108760
5201,9780425204030
5202,9780307377330
5203,9780345383270
5204,9781582405310
5205,9780439846840
5206,9780446695690
5207,9780836217350
5208,9781600610870
5209,9780307990680
5210,9780679752550
5211,9780743412020
5212,9781401307930
5213,9781591169280
5214,9780060935760
5215,9781594481570
5216,9780812974040
5217,9780345531480
5218,9780312369510
5219,
5220,9780316013830
5221,9781582349020
5222,9781250034490
5223,9781461072520
5224,9780061668100
5225,9780451165660
5226,9781594201510
5227,9780785127220
5228,9780785281120
5229,9780007157170
5230,9780062331150
5231,9780385664450
5232,9780345422550
5233,9780385539080
5234,9780736918830
5235,9781416543700
5236,9781250015550
5237,9780446675370
5238,9780375703840
5239,9780312939040
5240,9788770530680
5241,9780375703830
5242,9780312593320
5243,9780842332310
5244,9780156106800
5245,9780316133200
5246,2940148861120
5247,9780380809070
5248,9780778303820
5249,9788370540910
5250,9780615408990
5251,9780385535590
5252,9780743474160
5253,9780395304490
5254,9780688161120
5255,9780307377330
5256,9780393062240
5257,9780385491070
5258,9780618619160
5259,9781250044660
5260,9780060757360
5261,9780385515500
5262,9780545284100
5263,9781400031820
5264,9780060751970
5265,9780679882800
5266,
5267,9780689877800
5268,635517080452
5269,9780385493630
5270,9780684832360
5271,9780557364630
5272,
5273,9780140178210
5274,9780060012790
5275,9780061176100
5276,9781602862560
5277,9780515117790
5278,9780738718680
5279,
5280,9780062295900
5281,9780525478930
5282,9780399153940
5283,9780691017850
5284,9780399156910
5285,9781577780720
5286,9781594204210
5287,9780451456720
5288,9780765326580
5289,9780307960500
5290,9785559609130
5291,9781569314070
5292,9780979159300
5293,9780970398110
5294,9780802141680
5295,9780345443600
5296,
5297,9780618562040
5298,9781401323580
5299,9780743453010
5300,9780615796150
5301,9780140367460
5302,9781605981730
5303,9780007169960
5304,9780425194520
5305,9780312361270
5306,9780060733350
5307,9780857522280
5308,9780547959210
5309,9780399163840
5310,9780060567230
5311,9780224064930
5312,9781593070920
5313,9780307279960
5314,9780316018750
5315,9780374529950
5316,9780553590160
5317,9780553573350
5318,9780722533950
5319,9781250022070
5320,9780375865860
5321,9780060766210
5322,9780061020020
5323,9780440237560
5324,9780440237560
5325,9780812971900
5326,9780679734470
5327,9780679724510
5328,9780545284160
5329,9780553286400
5330,9780385333900
5331,9781401213510
5332,9780380817920
5333,9781608866880
5334,9780553062180
5335,9780385515990
5336,9780385495400
5337,9780446617090
5338,9780547248040
5339,9781591167530
5340,9780749934130
5341,9780553575380
5342,9781846054760
5343,9780060092570
5344,9780345536150
5345,9781416963970
5346,9780679722310
5347,9780143035410
5348,9780517580520
5349,9780060569660
5350,9780062224100
5351,9780736421870
5352,9780061242430
5353,9780810996170
5354,9780679722630
5355,9780316726190
5356,9780553279720
5357,9780380974730
5358,9780140186310
5359,9780060534060
5360,9780399167840
5361,9780345484280
5362,9780670011310
5363,9781476731900
5364,9780425201340
5365,9780553807230
5366,9781401218130
5367,9780812520480
5368,9780812993100
5369,9780679723950
5370,9780425234330
5371,9781409135200
5372,9780060725140
5373,9789953566240
5374,9780571206930
5375,9780061230840
5376,9781557091530
5377,9783822859800
5378,9780060955230
5379,
5380,9780679824110
5381,9781416505500
5382,9781598184310
5383,9780060725140
5384,9781770460610
5385,9780375727140
5386,9780060576170
5387,9780062508350
5388,9780345482400
5389,9781594561800
5390,9781416914200
5391,9780385732080
5392,9780140236230
5393,
5394,9780091879200
5395,9781841957170
5396,9781597801610
5397,9780743265030
5398,9781401200770
5399,9780679744730
5400,9780786837460
5401,9781401204950
5402,9780060096120
5403,9780061288850
5404,9780375753140
5405,
5406,9780618683080
5407,9780061493350
5408,9780385341970
5409,9781250054810
5410,9780425235680
5411,9780515124220
5412,9780061779720
5413,9780394719690
5414,9780886778580
5415,9780785729200
5416,9781594631400
5417,9780312939040
5418,9781400067600
5419,9780385533420
5420,9780226458080
5421,9780312424670
5422,9781250022130
5423,9780446610180
5424,9780385517260
5425,9780553265960
5426,9780425238810
5427,9780767915600
5428,9780441014190
5429,9780007133610
5430,9780778322860
5431,9780515136260
5432,9780316040100
5433,9780007219760
5434,9780609807910
5435,9780893816940
5436,9780763620910
5437,9781551111730
5438,9780375836980
5439,9780671664270
5440,9780142400760
5441,
5442,9780765335340
5443,9780425194520
5444,9780786851490
5445,9780060852010
5446,9780394900870
5447,9781609071230
5448,9780375703420
5449,9780553588730
5450,
5451,9789791227780
5452,9780786856920
5453,9781936608900
5454,9780151012700
5455,9780440227200
5456,9780452287080
5457,
5458,9781406501070
5459,9780525955110
5460,9780872860740
5461,9780525952890
5462,9781594486340
5463,9780689840340
5464,9781582406120
5465,9780671023460
5466,
5467,9780062072180
5468,9780316012830
5469,9780064407340
5470,9780586203190
5471,9781781251560
5472,9781439187320
5473,9780061284430
5474,9780399250480
5475,9780547628390
5476,9780544289600
5477,9789791227020
5478,9780739464460
5479,9780749009520
5480,9781595541220
5481,9780451208190
5482,9780743284880
5483,9780060833460
5484,9781632150200
5485,9780553808030
5486,9780399154780
5487,9781401917590
5488,9781423157530
5489,9780373210460
5490,9780689859380
5491,9780688213860
5492,9780064434520
5493,9784770020670
5494,9780804178430
5495,9780375758260
5496,9781590303160
5497,9780316000990
5498,9780886777630
5499,9780425217290
5500,9780064403690
5501,9780316089520
5502,9781421536380
5503,
5504,9780689869110
5505,9780425093250
5506,9780345524490
5507,9780553582760
5508,9780553212420
5509,9780060809090
5510,9780836220630
5511,9780373210700
5512,9780425163720
5513,
5514,9780743492830
5515,9780345379060
5516,9780803736700
5517,9780330418880
5518,9780451166610
5519,9780385538890
5520,9780811874560
5521,9781405038160
5522,9780515123170
5523,9781421506140
5524,9780060727540
5525,9780006471260
5526,9780375821820
5527,9780679600210
5528,9780743281640
5529,9781400067820
5530,9780062267730
5531,9781451683400
5532,9781492622470
5533,9780778324220
5534,9780316018610
5535,9780385737430
5536,9780142302390
5537,9780142003340
5538,9780345496540
5539,9780545040560
5540,9780743482850
5541,9780689839080
5542,9781442413180
5543,9780743442850
5544,9780765329580
5545,9780312241350
5546,9781627040200
5547,9780440244450
5548,9780060534040
5549,9781936365010
5550,9780747549920
5551,9780571207760
5552,9780439755210
5553,9781439172570
5554,9780886776060
5555,
5556,9781400097030
5557,9780316405350
5558,9780425210760
5559,9780316074150
5560,9780812505180
5561,9780451211030
5562,9781594745770
5563,9780345487130
5564,9780446608370
5565,9780316106540
5566,9780425241510
5567,9780553269220
5568,9780843955840
5569,9780194232630
5570,9780553297260
5571,9781576839320
5572,9780380811080
5573,9780061093330
5574,9780385737630
5575,9780345451320
5576,9780061957920
5577,9780446324820
5578,9781101946620
5579,9780061935110
5580,9780836218530
5581,9780809510830
5582,9780439436560
5583,9780375829830
5584,9781476271420
5585,9780316224180
5586,9781401205010
5587,9780307394960
5588,9780449221500
5589,9780440420060
5590,9780060283260
5591,9780140157730
5592,9780061719550
5593,9781401303390
5594,9780061852050
5595,9780316185900
5596,9780781805510
5597,9780062235790
5598,9780439672440
5599,9780586203810
5600,9780515144600
5601,9780590259380
5602,9781476792490
5603,9780385535630
5604,9780679758330
5605,9780312546340
5606,9783822835530
5607,9781416505070
5608,9781605045540
5609,9780345443590
5610,9780743287940
5611,9780446400980
5612,9780399146270
5613,9780765327830
5614,9781476789260
5615,9780449005780
5616,9780393318680
5617,9780316066340
5618,9780345543000
5619,9780446618670
5620,9780062088150
5621,9780590224730
5622,9780545298420
5623,9780307718970
5624,9781400031540
5625,9781594489990
5626,9780140443160
5627,9780226500670
5628,9781451616880
5629,9780452280400
5630,9780425190460
5631,9780373777920
5632,9780064473450
5633,9780545298410
5634,9781594202440
5635,9781523662450
5636,9781416960590
5637,9780938077880
5638,
5639,9780671028370
5640,9780812995820
5641,9780385344040
5642,9780316018780
5643,9780842371510
5644,
5645,9780316213070
5646,9780380794480
5647,6221102017180
5648,9780312144070
5649,
5650,9780804177990
5651,
5652,9781416971770
5653,9781421506720
5654,
5655,9780425180970
5656,9780399158990
5657,9781584790840
5658,9780312335280
5659,9780312934320
5660,9781595143990
5661,9781416509640
5662,9780062217070
5663,9781594486630
5664,9781400067660
5665,9780007113800
5666,9780553575380
5667,9780380794870
5668,9780449000620
5669,9781455521320
5670,9780060958340
5671,9780316037880
5672,9780593046320
5673,9781595541210
5674,9781600106960
5675,9781576751750
5676,9781857230220
5677,9780312351650
5678,9780140184940
5679,9781401232060
5680,9780316097540
5681,9780316016670
5682,9780515089940
5683,9780060278690
5684,9781423340420
5685,9780099690600
5686,9780312621680
5687,9781492623440
5688,9780060004870
5689,9780062004050
5690,9781439192820
5691,9780842356300
5692,9780316097530
5693,9780812979920
5694,9780425259870
5695,9780345348680
5696,9780718149860
5697,9780062001030
5698,9781592407120
5699,9780307350440
5700,9780140283360
5701,9780385423600
5702,9781476708690
5703,9781400065590
5704,9780684859230
5705,9780451219600
5706,
5707,9780060750860
5708,9780060734010
5709,9781439142000
5710,9780062076110
5711,9781439187010
5712,9780062318330
5713,9780061914170
5714,9780441011740
5715,9780345485780
5716,9780151189790
5717,9780395957750
5718,9780786834270
5719,9781594486400
5720,9781250052380
5721,9780553588380
5722,9780060766240
5723,9780747538360
5724,9781442406600
5725,9780061944370
5726,9780778319050
5727,9780800717890
5728,9780515141660
5729,9781442402000
5730,9780802131800
5731,9780061906220
5732,9780307738620
5733,9780439568470
5734,9780060837050
5735,9780765319230
5736,9781481438860
5737,9780671774680
5738,9781501124370
5739,9780553129200
5740,9780739437580
5741,9780345467520
5742,9780765343260
5743,9780451207790
5744,9780451233320
5745,9780609610660
5746,
5747,9780812974420
5748,9780515128550
5749,9780440244490
5750,9780380792640
5751,9780375713750
5752,9781563897150
5753,9781500453300
5754,9780140286810
5755,9780689868240
5756,9780743464670
5757,9781606840600
5758,9780451219240
5759,9780061720860
5760,9780312934350
5761,9780151010980
5762,
5763,9780451197870
5764,9780425204050
5765,9780060845510
5766,9780688163180
5767,9780613026670
5768,9780062267180
5769,9780316081060
5770,9780525951060
5771,9780440242920
5772,9781430300620
5773,9781582406850
5774,9780061161540
5775,9780425199590
5776,9780316324690
5777,9781573227960
5778,9789797591520
5779,9780060517120
5780,9780345497450
5781,9780451215770
5782,9780586062000
5783,9780060085490
5784,9780375424470
5785,9780573613050
5786,9781591841660
5787,9780618982510
5788,9789719234200
5789,9781780481010
5790,9780312992620
5791,9781250001540
5792,9780060930320
5793,9780805099250
5794,9780060856270
5795,9780425142490
5796,9780743297300
5797,9780671004540
5798,9780552152170
5799,9780553584520
5800,9780345418520
5801,9780671673680
5802,9780856761220
5803,9780061132230
5804,9780140045290
5805,9780590554090
5806,9781439171220
5807,
5808,9781582344160
5809,9780802135580
5810,9780060519540
5811,9781250012890
5812,9780007235800
5813,9781590387830
5814,9780553588190
5815,9780738713700
5816,9780140549060
5817,9780812993870
5818,9780399154350
5819,9781471110670
5820,9781608463860
5821,2940016554330
5822,9780316044780
5823,9780930452900
5824,
5825,9780749934170
5826,9780375422710
5827,9780060885460
5828,9781848764570
5829,9780743294380
5830,
5831,9780553804720
5832,
5833,9780316881790
5834,9780316128520
5835,9781847249550
5836,9780684859740
5837,9780345548480
5838,9780765316980
5839,9781416543790
5840,9780007144360
5841,9780936184750
5842,9780399171630
5843,9780553418290
5844,9781250022080
5845,9780060520620
5846,9781595542880
5847,9789792760870
5848,9780316243710
5849,9781401229700
5850,
5851,9780307266770
5852,9780399184510
5853,9780385031140
5854,9780062273260
5855,9780439545280
5856,
5857,9780399256130
5858,9780425205950
5859,9781442449620
5860,9780380709530
5861,9780007119360
5862,9780060734570
5863,9780679721890
5864,9780307111550
5865,9780872861560
5866,
5867,9780345453750
5868,9781476776880
5869,9781451697250
5870,9789626344250
5871,9780515144670
5872,9780142196590
5873,9780671792800
5874,9780741444560
5875,9780062026540
5876,9780141004920
5877,9780345419580
5878,9780307960380
5879,9781563894910
5880,9780060841830
5881,9780816638630
5882,9781455502750
5883,9780439672470
5884,
5885,9780684848010
5886,9780671737820
5887,9780316175560
5888,
5889,9780786286800
5890,9780440421240
5891,9781780890160
5892,9781439159670
5893,9781416963980
5894,9780399158020
5895,9780385344010
5896,
5897,9780062351420
5898,9780736421980
5899,9780380815590
5900,9780062327180
5901,9780356502430
5902,9780373775810
5903,9780425181610
5904,2940014977680
5905,9781400075710
5906,9781860499260
5907,9780375761140
5908,9780316926060
5909,9780842335720
5910,9780385524990
5911,9780312990960
5912,9780440242180
5913,9780316058250
5914,9780752849520
5915,9780375760140
5916,9780316375150
5917,9780373774520
5918,9781401360240
5919,9780310919800
5920,9780446580280
5921,9781101886690
5922,9781609074610
5923,9781401201140
5924,9780099435140
5925,9780755308450
5926,9781594482300
5927,9781250034520
5928,9780099460180
5929,9780307263000
5930,9780671743060
5931,9780375759020
5932,9780385489520
5933,9780312427800
5934,9780449000630
5935,9781596911060
5936,9780553584490
5937,9781594201930
5938,9780804140420
5939,9780670012090
5940,9780195087450
5941,9780446564080
5942,9780525952370
5943,9781423116190
5944,9781451617530
5945,9780739317140
5946,9781416914240
5947,9780812966920
5948,9780060987330
5949,9780613096480
5950,9780385722440
5951,9780765310090
5952,9780593057770
5953,9789799625700
5954,9780062363240
5955,9780385348610
5956,9780756409610
5957,9780553563730
5958,9780062105620
5959,9780060760880
5960,9780061931410
5961,9781406904830
5962,9780316113670
5963,9780060744540
5964,9781590388130
5965,9781595142530
5966,9780316014500
5967,9780439372950
5968,9780310219230
5969,9780743454160
5970,
5971,9780545175300
5972,9780689823820
5973,9780330339190
5974,9780062351200
5975,9780061784780
5976,9781607062550
5977,9780307700320
5978,9780826412770
5979,9781594746380
5980,9781401204590
5981,9780375870420
5982,9782290032050
5983,9781860460950
5984,9780316123080
5985,9780061797060
5986,9781595827490
5987,
5988,9781416916180
5989,9781599903220
5990,9789770928290
5991,9780140505400
5992,9780020306660
5993,9781401202570
5994,9789580469710
5995,9780060741040
5996,9780393325360
5997,9781439178230
5998,9780988707400
5999,9780330247050
6000,9781607515420
6001,
6002,9780345313160
6003,9780698113570
6004,9780615417170
6005,9780345418500
6006,9780064440580
6007,9780679747190
6008,
6009,9780060835770
6010,9780786854450
6011,9780393320920
6012,9780241141820
6013,9780671721720
6014,9780671729460
6015,
6016,9780734411850
6017,9780061043580
6018,9781559360620
6019,9780385341320
6020,9780380773530
6021,9780375758740
6022,9780679601080
6023,9780671011340
6024,9780143017870
6025,9780752852610
6026,
6027,9781421502410
6028,9780446583140
6029,9781416530720
6030,9780802132220
6031,9781742372620
6032,9781572245370
6033,9781594486000
6034,9780525421560
6035,9780671702520
6036,9781455507190
6037,9780674430010
6038,9780316159430
6039,9780671223500
6040,9780857532020
6041,9780804138820
6042,9780375724670
6043,9780060082160
6044,9781476740480
6045,9780451523490
6046,9780679747050
6047,9780312360400
6048,9780553588450
6049,9780375414950
6050,9780340752490
6051,9781423166000
6052,9780451230550
6053,9780439680100
6054,9780374292090
6055,9780449912420
6056,9781423134500
6057,9780375500720
6058,
6059,9780316070620
6060,9780385524380
6061,9780027436300
6062,9781451636020
6063,9780192835150
6064,9780140277450
6065,9780670020540
6066,9780743271320
6067,9780380782340
6068,9781250010090
6069,9780330413350
6070,9780374266520
6071,9780762447700
6072,9780755328180
6073,9780425208430
6074,9780316123400
6075,
6076,9780440240940
6077,9781607069450
6078,9780425173750
6079,9781594480030
6080,9780345495940
6081,
6082,9780316250820
6083,9780552144320
6084,9780786818690
6085,9780804177660
6086,9780060776250
6087,9780007120700
6088,9780525953620
6089,
6090,9780307460200
6091,
6092,9780823404700
6093,9780439995440
6094,9780857203310
6095,9780804137390
6096,9780743249290
6097,9780141311300
6098,
6099,
6100,
6101,9780872201930
6102,9780749748000
6103,
6104,9781592243010
6105,9781401340870
6106,9780307444060
6107,9780345528700
6108,9781591828780
6109,9780060525120
6110,9780061997180
6111,
6112,9780618083600
6113,9780451210630
6114,9780805097450
6115,
6116,
6117,9780312374980
6118,9780425256220
6119,9780413771000
6120,9784103534260
6121,9780330418870
6122,9780060097480
6123,9780345413990
6124,9780316011270
6125,9781400077920
6126,9781841494180
6127,
6128,9780393310320
6129,9781441836310
6130,9780060080850
6131,9780671890920
6132,9780060584030
6133,9780743437350
6134,9780446195520
6135,9780553561180
6136,9780062117180
6137,9780316376110
6138,9780448095030
6139,9780449205620
6140,9780062073130
6141,9781855496640
6142,25986247522
6143,9780425241130
6144,9780413772190
6145,
6146,9781416516740
6147,9780385341590
6148,9780743233490
6149,9781583334390
6150,9780345457710
6151,9780385339480
6152,9780765328540
6153,9780449221520
6154,9782020418780
6155,9781593080210
6156,9780671203240
6157,9780375725340
6158,9780007162500
6159,9780316407140
6160,9789645571760
6161,9780812995210
6162,9780060531230
6163,9780399157870
6164,9780689839050
6165,9780399154300
6166,9780691097500
6167,9781419151120
6168,9780307267670
6169,9780765312180
6170,9780525954220
6171,9781401228310
6172,9780399155280
6173,9780140447610
6174,9780440220460
6175,9780316016650
6176,
6177,9780399155440
6178,9781466266740
6179,9780007271210
6180,9782264022450
6181,9780449911590
6182,9780671729450
6183,9780439545300
6184,9780099461880
6185,9780743484210
6186,9781600100290
6187,9780755334440
6188,9780553580270
6189,9780007106530
6190,9780140436110
6191,9780307377040
6192,9780345460070
6193,9780446556830
6194,9780374280960
6195,9780805210640
6196,9780971977560
6197,9780060827690
6198,9789770929380
6199,9781565126300
6200,9780446321210
6201,9780060096150
6202,9780306816090
6203,9780446556810
6204,9781570625190
6205,9781301345670
6206,
6207,9780374104120
6208,
6209,9780545140320
6210,9780743474180
6211,9780007120820
6212,9780007119300
6213,9780857522820
6214,9780062240090
6215,9780547577530
6216,9781400069260
6217,9781569319020
6218,9780765341850
6219,9780192861890
6220,9780393318490
6221,
6222,9780310266280
6223,9780142003240
6224,9780545425120
6225,9780872206050
6226,9781442444930
6227,9780062294420
6228,9780553392920
6229,9780684852580
6230,9780380732230
6231,
6232,9780312375060
6233,9780807218980
6234,9788433972610
6235,9780439545270
6236,
6237,9780316036220
6238,9780451209310
6239,9780061288880
6240,9781571741040
6241,9781101875100
6242,9780060786460
6243,9780446577890
6244,9781599900580
6245,9780399173590
6246,9780593046360
6247,9780857076850
6248,9781416979180
6249,9781401203150
6250,9782081354810
6251,9780385488180
6252,9780345479720
6253,9789385152150
6254,9780316074160
6255,9780738210070
6256,9780061053720
6257,9780060891540
6258,9780060724280
6259,9780345441710
6260,9780425256760
6261,9780752876820
6262,9780307140210
6263,9780312370150
6264,9780749311610
6265,9782253140870
6266,9781442422020
6267,9780515132180
6268,
6269,9780843956540
6270,9780062071070
6271,9780062068520
6272,9780060638500
6273,9780684822770
6274,9780060974990
6275,9780141325030
6276,9780312997110
6277,9780684855640
6278,9780316252900
6279,9780060531830
6280,9780440167360
6281,
6282,9780062024690
6283,9780099468390
6284,9780553561400
6285,9781416535070
6286,
6287,9780061930060
6288,9781400066340
6289,
6290,9780345496200
6291,9780099416420
6292,9780451462800
6293,9780060564650
6294,9781846059740
6295,9780143036420
6296,9780142301520
6297,9780060776400
6298,9780374529600
6299,9780452283210
6300,9780552772300
6301,9781606841750
6302,9780486444080
6303,
6304,9780743484370
6305,9780894802040
6306,9780446354680
6307,9780140089230
6308,9780060728270
6309,9780356502020
6310,9780316246580
6311,9781416927880
6312,9783867197570
6313,9780380776850
6314,9780425067950
6315,9780871404020
6316,9781421270530
6317,9780375414860
6318,9780441095000
6319,9780425099340
6320,9788433914260
6321,9780752885180
6322,9780345915630
6323,9780751525670
6324,9780446602210
6325,9780425210730
6326,9780156949610
6327,9780385516400
6328,9780452297040
6329,9780307593920
6330,9780345388670
6331,9780785117220
6332,9780525421350
6333,9780060827880
6334,9780394800030
6335,9780702229790
6336,9780375422740
6337,9780451527550
6338,9780399154220
6339,2940012668930
6340,9780743468430
6341,9780752866060
6342,9781589190630
6343,9781455574890
6344,9780553804330
6345,9780307105480
6346,9780060744570
6347,9780307118390
6348,9780345466400
6349,9780312981270
6350,9780786837880
6351,9780767915750
6352,9780345515640
6353,9780345497500
6354,9781843914010
6355,9781476703000
6356,9780007466060
6357,9781416586620
6358,
6359,9780340796150
6360,9780312997200
6361,9780836213130
6362,9781569319960
6363,9781416596580
6364,9780571225410
6365,
6366,9780393068570
6367,9781594488140
6368,9780590554110
6369,9780345419350
6370,
6371,9780345481310
6372,9781416503810
6373,9780590480870
6374,9780590554110
6375,9780380710810
6376,9780671027320
6377,9780141015870
6378,9780345479130
6379,9780312547740
6380,9780786929800
6381,9780812996080
6382,9780802134230
6383,9780752876870
6384,9780465028020
6385,9781594567390
6386,9780345496580
6387,9781416989400
6388,9781416953560
6389,9780452269650
6390,9781405204280
6391,9780316735160
6392,9780810114840
6393,9781558744640
6394,9780316231050
6395,9780399218860
6396,9780763631630
6397,9780441010650
6398,9780740718590
6399,9780006178710
6400,9780811826850
6401,9780061707800
6402,9780316911480
6403,9781442402840
6404,9780688040740
6405,9780349103240
6406,9780385338100
6407,9780880386520
6408,9781421505760
6409,9780061119730
6410,9781590521670
6411,9781401205000
6412,2940149543340
6413,9780374299100
6414,9780718031820
6415,
6416,9781476751800
6417,9780521293730
6418,9781405088830
6419,9781607069460
6420,9780842361930
6421,9780375990690
6422,9780399156400
6423,9780374384740
6424,
6425,9780345382850
6426,9781400045370
6427,9780060521230
6428,9781781106280
6429,9780448445860
6430,9781593080780
6431,9780345477360
6432,
6433,9780758272810
6434,9780061976800
6435,9780684813780
6436,9781409113970
6437,31809014745
6438,9781559360740
6439,9780330348380
6440,9780765340770
6441,9780385491750
6442,9780385152140
6443,9780385542070
6444,9781421501700
6445,9781569714980
6446,9780743266030
6447,9780394743260
6448,9780439703700
6449,9782723467830
6450,9780385539290
6451,9781402276640
6452,9781427803190
6453,9780316353300
6454,9780345485600
6455,9780517206060
6456,9781593081320
6457,9780884944450
6458,9780345516110
6459,9780373775490
6460,9780307594170
6461,9781593079790
6462,9781937053570
6463,9781590597150
6464,
6465,9780307406100
6466,9780374351380
6467,9780140066910
6468,9780785190230
6469,9780800758190
6470,9781442440750
6471,9781416571770
6472,9780345390400
6473,
6474,9780307599470
6475,9780142002420
6476,9780425226740
6477,9780439700930
6478,9780062284840
6479,9780316231080
6480,9780345363140
6481,9780571169340
6482,
6483,9780671725660
6484,9780552142750
6485,9780375424040
6486,9780316210740
6487,9780321344760
6488,9780425206870
6489,9781620610080
6490,9781416991760
6491,9780316348410
6492,9780451456730
6493,
6494,9780425240170
6495,9780553154340
6496,9780345427630
6497,9780007466080
6498,9780307119390
6499,
6500,9780312422290
6501,9780312981660
6502,9780006754000
6503,9780439498820
6504,9780307962520
6505,9780553280520
6506,9780007284980
6507,9780553807740
6508,9780930289220
6509,9780345438200
6510,9780380730360
6511,9780312534360
6512,9780007120990
6513,9780440245260
6514,9780750026050
6515,9780062117370
6516,9781400031530
6517,9780385352870
6518,
6519,9780399150870
6520,9780752817000
6521,9780316955100
6522,9781442474280
6523,9780753820340
6524,9780375700190
6525,9781481060950
6526,9780060588280
6527,9781632157120
6528,9780778322960
6529,9781401324020
6530,9780671722920
6531,9780061670860
6532,9780439568400
6533,9780449208070
6534,9780425230150
6535,9780140260700
6536,9780380789830
6537,9780316201540
6538,
6539,9780553582760
6540,9780312605390
6541,9780060891280
6542,
6543,9780671796660
6544,9780307381750
6545,9780310228640
6546,9780670020480
6547,9780689823950
6548,9781594203080
6549,9780525951930
6550,9781596435700
6551,9780345318860
6552,9780316059860
6553,9781551113810
6554,9780553567720
6555,9781411608310
6556,9780394873370
6557,9780345517980
6558,9780553269830
6559,9781569472030
6560,9780990505600
6561,9780425214440
6562,9780545298410
6563,9780060776240
6564,9780446556250
6565,9781442413340
6566,9780316154510
6567,9780007162220
6568,9781401201180
6569,9780143035300
6570,9781904910040
6571,9780399256200
6572,9780847829870
6573,9780071418580
6574,9781591163280
6575,9780060652940
6576,9781569319050
6577,9780857207560
6578,9780060758290
6579,9780446694540
6580,9780399155970
6581,9780786907500
6582,9780152050860
6583,9781501135910
6584,
6585,9780425204180
6586,9780670312560
6587,9781573228730
6588,9780553381570
6589,9780425197390
6590,9780751507960
6591,9780743234410
6592,9780843955440
6593,9780671732490
6594,9781400078370
6595,9780064404460
6596,
6597,9781442494790
6598,9780786929720
6599,9780316234800
6600,9780072434170
6601,9780553588120
6602,9789993911560
6603,9780307719220
6604,9780060787220
6605,9780761123700
6606,9781563894280
6607,9780451530300
6608,9780439405580
6609,9780307272710
6610,9780399154480
6611,9781563894050
6612,9780143036490
6613,9780825462080
6614,9780425268780
6615,9780142437290
6616,9781471118100
6617,9780807012390
6618,9780439050230
6619,9780340739300
6620,9780060958340
6621,9781616203050
6622,9781421506050
6623,9780316097770
6624,9780451234870
6625,9780060878140
6626,9780307394540
6627,9780312426220
6628,9781582349240
6629,9780143104410
6630,9781401223040
6631,9780061997170
6632,9780394826200
6633,9781426406070
6634,9780679736320
6635,9780061689420
6636,9780802170390
6637,9781416950740
6638,9780316210900
6639,9780307377910
6640,9780439700890
6641,9781849234760
6642,9781613772270
6643,9780316002560
6644,9781582433550
6645,9780618194580
6646,
6647,9780316013570
6648,9780679764080
6649,9780765328660
6650,9780743468410
6651,9781427817690
6652,9780316156290
6653,9780441203990
6654,9780375404030
6655,9780316002580
6656,9780717287570
6657,
6658,9780061059920
6659,9781455539740
6660,9780399256510
6661,9780060548940
6662,9781593080430
6663,9780898214970
6664,9780684800710
6665,9780345396940
6666,9780062012040
6667,9780451229440
6668,9780553268460
6669,9780312857880
6670,9780515103300
6671,9780062026090
6672,9781416516320
6673,9780345379080
6674,9780670011830
6675,9780385491050
6676,9780007488060
6677,9780316037710
6678,9780812538370
6679,9781455503060
6680,9780670011470
6681,9780312206480
6682,9780670021670
6683,9780152047380
6684,9780007119330
6685,9781416586590
6686,9780446580300
6687,9780446540340
6688,9780156029060
6689,9780505523890
6690,
6691,9780385667400
6692,9781853262430
6693,9780425098080
6694,9781784752000
6695,9780743287200
6696,9780446699490
6697,9781563054430
6698,9780399162380
6699,9781451686630
6700,
6701,9780812524260
6702,9780810918690
6703,2940013283250
6704,9781555838540
6705,9781423175120
6706,9780544409910
6707,9780307962900
6708,9780394800230
6709,9780743421930
6710,9780375866680
6711,
6712,9781585424800
6713,9780385349580
6714,9780385535370
6715,9780743484370
6716,9780142408780
6717,9780451233550
6718,9780340841130
6719,9781420100970
6720,9781600108860
6721,9780061345720
6722,9781250024630
6723,9781905490200
6724,9780694011480
6725,9780446616420
6726,9780375706420
6727,9781421808310
6728,9780755300200
6729,9780140065180
6730,9781596436590
6731,9780749909220
6732,9783704313170
6733,9781595140840
6734,9780763630160
6735,9781595142900
6736,9780811202050
6737,9780804141260
6738,9780976401100
6739,9781476145390
6740,9781849163840
6741,9780060562530
6742,9780671004540
6743,9780758216430
6744,9780786913890
6745,9780345501040
6746,9780312274920
6747,9780385738590
6748,9781455599740
6749,9780316040860
6750,9781416544200
6751,9780553214830
6752,9780765317510
6753,9780765379950
6754,9780062009490
6755,9780440227500
6756,9780375833650
6757,9780449226350
6758,9780425083900
6759,
6760,9780451208700
6761,9780515142910
6762,9780425176310
6763,9780399154010
6764,9780062217200
6765,9780152050850
6766,9780743467220
6767,9780385344050
6768,9780451526570
6769,9780316201640
6770,9780060875080
6771,
6772,
6773,9781442409100
6774,9781250014470
6775,9780785113800
6776,9780786931380
6777,9780316778500
6778,9780670446150
6779,9780553807710
6780,9780439436570
6781,9781400033720
6782,9780849901810
6783,
6784,9780553381150
6785,9780805059960
6786,9789381626690
6787,9780802151830
6788,9780874068140
6789,9781419953250
6790,9780425195180
6791,9781582433230
6792,9781416914180
6793,9781476748440
6794,9780340881540
6795,9780143035080
6796,9780752891640
6797,9780765316550
6798,9780441014160
6799,9780812996340
6800,9780316012330
6801,9780545040600
6802,9781400031570
6803,
6804,9780307970380
6805,9780547959210
6806,9780446675060
6807,9780446531380
6808,9780802135220
6809,9781400096930
6810,9780062347270
6811,9780061957930
6812,9780441017800
6813,9780689856400
6814,9780765333510
6815,
6816,9780670037730
6817,9781401225650
6818,9780224061640
6819,9789380349300
6820,9780679724700
6821,9780743271190
6822,9781598184550
6823,9780842332360
6824,9780375507490
6825,9780060922240
6826,9780061836920
6827,9780307957240
6828,9780670038720
6829,9780375760910
6830,9780061561630
6831,9780062320060
6832,9780802715170
6833,9780425214600
6834,9780062265980
6835,9780553384820
6836,9780743474180
6837,9780374281090
6838,9781594480870
6839,9780060737560
6840,9780345498120
6841,9780307020920
6842,9780192838440
6843,9781455581160
6844,9780140115860
6845,9780553573250
6846,9781593070950
6847,9781442407690
6848,9781933718550
6849,9780991140220
6850,9780140546230
6851,9781455518370
6852,9781841954810
6853,9780449208280
6854,9781455525840
6855,9781841496050
6856,9783453162890
6857,9780345346290
6858,9780425212690
6859,9780340884360
6860,9782211065890
6861,9780373210060
6862,9781603093000
6863,9780374504650
6864,9780312938830
6865,9780671020830
6866,9780307595610
6867,9780143039660
6868,9780062457740
6869,9780393086930
6870,9780307263940
6871,9780547807680
6872,9788756787660
6873,9780142400300
6874,9780425218430
6875,9780312362910
6876,9781841591000
6877,9780330487190
6878,9780399157560
6879,9780718154840
6880,9780915144860
6881,
6882,9780393072230
6883,9780452297650
6884,9780446676500
6885,9780743444290
6886,9780060684130
6887,9781401360210
6888,9780765346290
6889,9780312424080
6890,9781401237780
6891,9780886773530
6892,9780099595820
6893,9780312699450
6894,9780609810120
6895,9781400095570
6896,9780872206340
6897,
6898,9780525453670
6899,
6900,9781682305060
6901,9780375955720
6902,9780609807260
6903,9780141019090
6904,9780993800140
6905,9780062415840
6906,9780758266930
6907,9780312595680
6908,9780752858520
6909,9780192838630
6910,9780449003790
6911,9781423111440
6912,9780345543080
6913,9780753819920
6914,9780425132950
6915,9780439829110
6916,9780316252970
6917,9780812971680
6918,9780312599060
6919,9780786887580
6920,9780751500290
6921,9780812968380
6922,9780875847470
6923,9780749934360
6924,9780671540660
6925,9780316194690
6926,9780575132500
6927,9780099465640
6928,9780226320620
6929,
6930,
6931,9780385337500
6932,9780375700810
6933,9780399161480
6934,9781400033450
6935,9780140320980
6936,9780399157680
6937,9780465067110
6938,9780439632510
6939,9780007236340
6940,
6941,9780671737630
6942,9780399154910
6943,9780739420230
6944,9780553381340
6945,9781578562590
6946,9780061706550
6947,9780763665660
6948,9780062200460
6949,9781433672960
6950,9780575095780
6951,9780380842930
6952,9781599901190
6953,9781616552950
6954,9780099447120
6955,9781416543830
6956,9781416928060
6957,9781414368180
6958,9780307958720
6959,9780590664880
6960,9781301160820
6961,9780849945110
6962,9780062320220
6963,9781570089270
6964,
6965,
6966,9780385495320
6967,9780451460940
6968,9780446359210
6969,
6970,9780440244170
6971,9780307595650
6972,9780786816580
6973,9780345322210
6974,
6975,9780312933530
6976,9781401224680
6977,9781442440430
6978,9780800786650
6979,9780060009240
6980,9780312421850
6981,9780756405720
6982,9780441013460
6983,
6984,9781568584260
6985,9780340893620
6986,9780553567150
6987,9780671553030
6988,9780764524840
6989,9781250061780
6990,9780062236680
6991,9781615579180
6992,9780307588920
6993,9781449461070
6994,9780515137120
6995,9781590382230
6996,9780099268700
6997,9780307265630
6998,9780393322580
6999,9780099478480
7000,9789953566180
7001,9780670021150
7002,9780307264240
7003,9780553573860
7004,
7005,9781453720690
7006,9781579126960
7007,9780316097410
7008,9780747553860
7009,9780446575060
7010,9781582408290
7011,9781844285080
7012,9780671655980
7013,9780062124360
7014,9781563896170
7015,9781880418730
7016,9780679886330
7017,9780399156140
7018,9780425198920
7019,9780763619620
7020,9781599901670
7021,9780425188930
7022,9780060002110
7023,9781416918740
7024,
7025,9780385340230
7026,9780553294610
7027,9781563895200
7028,9780062102420
7029,9780763655980
7030,9780786932280
7031,9780670031600
7032,9782266127740
7033,9781466867500
7034,9781402792810
7035,9780575099130
7036,
7037,9781594561760
7038,9780886773690
7039,9781930900240
7040,9781250010070
7041,9780749934190
7042,9780739429330
7043,
7044,9780340830110
7045,9780440867580
7046,9780425200410
7047,9780747236380
7048,9780399155020
7049,9781101874940
7050,9780061240880
7051,
7052,9780060598330
7053,9780440222680
7054,9780316156300
7055,9780060935500
7056,9780786918120
7057,9780312569040
7058,9780060727220
7059,9781594489430
7060,9780307354170
7061,
7062,9781408319470
7063,9789799731230
7064,9780843958450
7065,9780743294390
7066,9780375409290
7067,
7068,9780140187720
7069,9788370541250
7070,9780385339520
7071,
7072,9781401235640
7073,9780692221910
7074,9781904271350
7075,9780316236540
7076,9781427817420
7077,9781612184650
7078,9780822210790
7079,9780449911940
7080,9780553582900
7081,9780688163660
7082,9780553383060
7083,9780803725510
7084,
7085,9781478314610
7086,9780451528900
7087,9780062285540
7088,9780375424490
7089,9780142002050
7090,9783746611100
7091,9781442454150
7092,9780743417330
7093,9780307356370
7094,
7095,9780812541620
7096,9780241963750
7097,
7098,9782290011160
7099,9780399157070
7100,9781456527730
7101,9780425270680
7102,9780553573760
7103,9780141311420
7104,9780786838820
7105,9781841498870
7106,9780151686570
7107,9781471132970
7108,
7109,9781565849940
7110,9781931514610
7111,9781591842250
7112,9780312947060
7113,9780743468400
7114,9789953890590
7115,9780805017230
7116,9780810993240
7117,9780060608520
7118,9780345418490
7119,9780345334310
7120,9780765377080
7121,9781841499000
7122,9781455500130
7123,9780425153970
7124,9780451456720
7125,9781492103740
7126,9780752815400
7127,9780446610020
7128,9780441010650
7129,9780230744270
7130,9780545010310
7131,9780786868920
7132,9780399157040
7133,9780345516530
7134,
7135,9780143039570
7136,
7137,9780743225080
7138,9780330353820
7139,9780345505510
7140,9780345808000
7141,9780804138570
7142,9780553342540
7143,9780765357050
7144,9780316101880
7145,9780446603780
7146,9780553383670
7147,9781933633630
7148,9780698410430
7149,9780441005670
7150,9780425178580
7151,9780440351830
7152,9781590383640
7153,9780545208860
7154,9781501126220
7155,9780618709860
7156,9780312949820
7157,9781402798440
7158,9780440222700
7159,
7160,9781937053410
7161,9780571297890
7162,9782841873910
7163,
7164,9780316127200
7165,9780764200110
7166,9780062224860
7167,9780671870120
7168,9780312605380
7169,9781400041980
7170,9780345322230
7171,9781905294960
7172,9781419176520
7173,9784770019580
7174,9780545052430
7175,9780385532460
7176,9780140436040
7177,9780399168800
7178,9780345522020
7179,9780312340700
7180,9780743437810
7181,9780399256160
7182,9780310211880
7183,9780062128030
7184,9780316211220
7185,
7186,9780786891120
7187,9780345371980
7188,9780439903450
7189,9781596436240
7190,9780803739090
7191,9786133213680
7192,9780062081860
7193,9780399162180
7194,9780425213610
7195,9780439846650
7196,
7197,9780765336420
7198,9780300115470
7199,9780679456210
7200,9781591843120
7201,9780061767610
7202,
7203,
7204,9780439643630
7205,9780156031560
7206,9780425280100
7207,9780062123750
7208,9780425205970
7209,9780385535300
7210,9780486270650
7211,9780446694250
7212,9780543895880
7213,9780425208850
7214,9788466302200
7215,9781250076430
7216,9781416947370
7217,9781421501700
7218,9780399256190
7219,
7220,9781921794090
7221,9780451475500
7222,9781250003330
7223,9780553807720
7224,
7225,
7226,9780345418460
7227,9780679736390
7228,9781451657710
7229,9780374379930
7230,9781439147980
7231,9780486277900
7232,9780312420340
7233,9780380811960
7234,9780879101370
7235,9781459245950
7236,9780385732960
7237,9780525953180
7238,9780345396560
7239,9780375701050
7240,
7241,9780312983280
7242,9780806501900
7243,9780446554990
7244,9780062116860
7245,9780450837320
7246,9780060540750
7247,9780752860560
7248,9780061714310
7249,9780812992180
7250,9780425247550
7251,9780684804520
7252,9780425219430
7253,9780345418470
7254,9780836217700
7255,9781482334300
7256,
7257,9780743406570
7258,9780886775990
7259,9780307589680
7260,9780345376050
7261,9780316033980
7262,9780571199980
7263,9780441653040
7264,9780394720950
7265,
7266,9780375814240
7267,9780802757690
7268,9780399157220
7269,9780449912450
7270,9781563890970
7271,9781841959120
7272,9781423160920
7273,
7274,9780553295410
7275,9780743236710
7276,9780679826420
7277,9780060882860
7278,9780007201780
7279,9780307957240
7280,9780385344420
7281,9781496166400
7282,9780451458220
7283,9780064400960
7284,9780316014560
7285,9780434017840
7286,9780425263150
7287,9780553584710
7288,9780373210570
7289,9780743294390
7290,9780517223000
7291,9781401911840
7292,9780446693790
7293,9780345412220
7294,9789770930920
7295,9780060724500
7296,9780743453030
7297,9780809015800
7298,9780688143210
7299,9781401218380
7300,9780553805440
7301,9780380820860
7302,9781400097690
7303,9781484148040
7304,9780689839110
7305,9780803740820
7306,9780439568420
7307,9780060932300
7308,9780060837650
7309,9780141181740
7310,9780345539940
7311,9780312421990
7312,9780451475170
7313,9780425193940
7314,9781892213750
7315,9781460995460
7316,9780446611920
7317,9780439636480
7318,9780425215680
7319,9781101585190
7320,
7321,
7322,
7323,9780694006520
7324,9780385670520
7325,9780812570820
7326,9780553278120
7327,9781566562940
7328,9780399156880
7329,9780316230810
7330,9780307021530
7331,9780451226810
7332,9780875421190
7333,9780141185460
7334,9780330425780
7335,9780688040450
7336,9780380818620
7337,9780670024960
7338,9780743422000
7339,9781416551060
7340,9780618007010
7341,9781400078390
7342,9780061779850
7343,9780590462260
7344,9780064440200
7345,9780689851320
7346,9780440240980
7347,9780553563700
7348,9780440225450
7349,9780380000840
7350,9780435124780
7351,9780425199330
7352,9780345338550
7353,9780743484910
7354,9780425127580
7355,9781423176370
7356,9780544025840
7357,9780141009830
7358,9780375868700
7359,9780241144150
7360,9780805073670
7361,9781598163220
7362,9780525425880
7363,9780316058290
7364,9780399237320
7365,9780399158440
7366,9780307269770
7367,9781622669100
7368,
7369,9780373605700
7370,9780743263060
7371,9780345505680
7372,9780141019990
7373,9781408857910
7374,9780007302150
7375,9780618658950
7376,9781439192990
7377,9781563894820
7378,9780441013650
7379,9780786888020
7380,9780143036430
7381,
7382,9780393081500
7383,9780142401420
7384,9780385341070
7385,9780307238280
7386,9781559362760
7387,9780142409860
7388,9780312348270
7389,9781476792510
7390,9781442152620
7391,
7392,9780143037580
7393,9780440238030
7394,9780333725030
7395,9780060266880
7396,9780671726520
7397,9781594487290
7398,9780143039820
7399,9780060988240
7400,9780545169170
7401,9780553378500
7402,9780307591560
7403,9780765330540
7404,9780525952470
7405,9781401225670
7406,9781421501210
7407,9780156029580
7408,9780823404420
7409,9780684842510
7410,9780671729390
7411,9780553298050
7412,
7413,
7414,9780061128850
7415,
7416,9780141439780
7417,9780439287200
7418,9780142001820
7419,9780937611360
7420,9781591822360
7421,9780062020570
7422,9780060825430
7423,9780061477960
7424,9781101875000
7425,9781101902770
7426,9780446695700
7427,9780142002060
7428,9780521357300
7429,9781420925230
7430,9780316030890
7431,
7432,
7433,9780375836950
7434,
7435,9781250014400
7436,9780312957580
7437,9780316084220
7438,9781476717720
7439,9781405092720
7440,9780292760290
7441,9781400067240
7442,9780060531250
7443,9781781106300
7444,9780198245970
7445,
7446,9780330351430
7447,9780373776570
7448,9780062310710
7449,9780805090800
7450,9789770922810
7451,9780061701240
7452,9781442430010
7453,9780553803080
7454,9780316713730
7455,9780062409200
7456,9781416505420
7457,9780143104250
7458,9780312099440
7459,9780140621310
7460,9780557489560
7461,
7462,9780140178140
7463,9780446608890
7464,9780786914040
7465,9780439568330
7466,9780765349650
7467,9780425285050
7468,9780747569110
7469,9780446362660
7470,9780345506400
7471,9780446695720
7472,9789992195740
7473,9780778322600
7474,9780345539470
7475,9780525422430
7476,9780345330130
7477,9780778322340
7478,9781594631290
7479,9780142402450
7480,9780670022950
7481,9780525444460
7482,9780399169530
7483,9781414310590
7484,9789799625730
7485,
7486,9780393079980
7487,9780062430210
7488,9780983475440
7489,9780842365830
7490,9781841490240
7491,9781400079440
7492,9780743466780
7493,9780747595380
7494,9781483911890
7495,9780435900660
7496,9780060931410
7497,9780007191320
7498,9780345434810
7499,9782226135020
7500,9781400034730
7501,9780006499170
7502,9781599901110
7503,9780543904710
7504,9780140309270
7505,9780590396970
7506,9780345456330
7507,9781400064110
7508,9780345471020
7509,9780553276330
7510,
7511,9780316098110
7512,9780749934420
7513,9780060548260
7514,9780689857960
7515,9780312330350
7516,9781931514580
7517,9780465023930
7518,9780307336800
7519,9780345418520
7520,9780385340110
7521,9781563897500
7522,9781594482230
7523,
7524,9780140317210
7525,9781439102400
7526,9781416909840
7527,9780385354200
7528,9781468139330
7529,9781905802490
7530,
7531,9781421511830
7532,9781476766670
7533,9780843949940
7534,9781581345260
7535,9780062280700
7536,9780505524480
7537,9781555976900
7538,9781585673930
7539,9780061375870
7540,9780316787540
7541,9780609809100
7542,9780718155350
7543,9781897299210
7544,9780451211480
7545,9781476764580
7546,9780316912130
7547,9780684841490
7548,9780310286710
7549,9780449003790
7550,9781449474200
7551,9781585676770
7552,9781416551610
7553,9781442402360
7554,9781423170280
7555,
7556,9780743430340
7557,9780385342600
7558,9780060096180
7559,9780307271080
7560,9781250095250
7561,9780061573130
7562,9780789154800
7563,9780140249440
7564,9781400069350
7565,9781934813320
7566,9780060837390
7567,9789792248620
7568,9780345496870
7569,9780805062880
7570,9780743460520
7571,9781416532350
7572,9781400061270
7573,9780765321530
7574,9780749934390
7575,9780679723230
7576,9780312947060
7577,9780321525660
7578,9780786927720
7579,9780679601590
7580,9780545141020
7581,9781591843530
7582,9780062132470
7583,9780312546560
7584,9780553418610
7585,9780439845820
7586,9780375761420
7587,9780446532750
7588,9780375836890
7589,9780671720150
7590,9781441213570
7591,9780316216820
7592,9780385720250
7593,9780316068220
7594,9780691024170
7595,9781595143920
7596,9780553587080
7597,9780609804130
7598,9780375814710
7599,9780060825320
7600,9780345495970
7601,9780312368470
7602,9789722120760
7603,9780425190450
7604,9780575088870
7605,
7606,9780415254080
7607,9780002314570
7608,9781401200920
7609,9781416585830
7610,9780312642720
7611,9780007169920
7612,9781416547860
7613,9781416997960
7614,9780671875960
7615,9780385315550
7616,9781421820610
7617,9781250000230
7618,9780451463810
7619,9780002317860
7620,9780553212560
7621,
7622,9780679724630
7623,9780618257320
7624,9781416530730
7625,9780061784800
7626,9780316701310
7627,9780007331790
7628,9781605292880
7629,9781586483040
7630,9781592289450
7631,9780515135060
7632,9781484715770
7633,9780425215680
7634,9780385534830
7635,9780451199870
7636,9788188575660
7637,9780778324900
7638,9781597800440
7639,
7640,9780385539130
7641,9780151012370
7642,9781595145930
7643,9780316211260
7644,9780812970430
7645,9780515121490
7646,9781561371730
7647,9780743451800
7648,9780763622590
7649,9780679733970
7650,9780192835210
7651,9780156010600
7652,9780345472440
7653,9780062114620
7654,9780842382890
7655,9780394895900
7656,9780375753830
7657,9780802723470
7658,9781402271880
7659,9781250065940
7660,9781401204860
7661,9780850515040
7662,9780440539810
7663,9780374324920
7664,9780060777100
7665,9780345518290
7666,9781607062610
7667,9780440212810
7668,9780192801690
7669,9780375705110
7670,9780857662930
7671,9780380007780
7672,9780062285680
7673,9781439138340
7674,9780615487430
7675,9780345505490
7676,9780525953080
7677,9780618443370
7678,9780670021800
7679,
7680,9781421513430
7681,9780425067830
7682,2940044470150
7683,9780761129580
7684,9780440221320
7685,9780399256450
7686,9780743224240
7687,9781453860950
7688,9781427818770
7689,9781591827580
7690,9780060087810
7691,
7692,9781589190640
7693,
7694,
7695,9780007350440
7696,9780525444470
7697,9780061671360
7698,9781250019680
7699,9780312591830
7700,9780440245280
7701,9789725681370
7702,
7703,9780544920960
7704,9780515142880
7705,
7706,9781402208770
7707,9782266120920
7708,9780446582350
7709,9781444734140
7710,9780375725760
7711,9780809051010
7712,
7713,9781421527610
7714,9780395137190
7715,9780802142400
7716,9780679772680
7717,9780142407080
7718,
7719,9781611130430
7720,9780395570360
7721,9780060519130
7722,9780380810930
7723,9780872204220
7724,9780312937670
7725,9780061985880
7726,
7727,9781573225690
7728,9780140050940
7729,9781477817160
7730,9781596434030
7731,9780062286440
7732,9780758211830
7733,9780743292500
7734,9780820316610
7735,9780802715360
7736,9780380776160
7737,9780543895140
7738,9780844662920
7739,9781416594860
7740,9781442449630
7741,9780380818810
7742,9780446533420
7743,9780062294810
7744,9780758290410
7745,9781423166010
7746,9780547225470
7747,9780786937900
7748,9780451200180
7749,9781582342150
7750,9780061000010
7751,9780312591820
7752,9789137126390
7753,9781423109600
7754,9780812993260
7755,9781400043330
7756,9788466309160
7757,9780062271130
7758,9780345543850
7759,9780060724560
7760,9780985547350
7761,9780446191550
7762,9781608190460
7763,9780060560120
7764,9781501101530
7765,9780804136570
7766,9780441012920
7767,9781405201710
7768,9780874869220
7769,9780141187500
7770,9780609809550
7771,9780312241220
7772,9780692572030
7773,
7774,9780316042800
7775,9780451200820
7776,9780061668130
7777,9780316074230
7778,9780140443490
7779,9781556525900
7780,9780553820270
7781,9781607060220
7782,
7783,9780679731210
7784,9780785123290
7785,9780671670690
7786,9780425216590
7787,9780425137570
7788,9780765356160
7789,9780684856060
7790,9789777780550
7791,9780312380820
7792,9780525423350
7793,9780316037840
7794,9780307277720
7795,9789799625720
7796,9780312313820
7797,9780061059930
7798,9780006513900
7799,9780316084250
7800,9780330517100
7801,
7802,9780698184890
7803,
7804,9781611139850
7805,9780439829120
7806,9780698118030
7807,9781421503320
7808,9780684803870
7809,9780451215730
7810,9780060928410
7811,9780316219130
7812,9781579125740
7813,9781607061230
7814,9780812536360
7815,
7816,9780356502280
7817,9781401360210
7818,9781841497760
7819,9780451475330
7820,9780345418550
7821,
7822,9783426619150
7823,
7824,9780380803250
7825,9780345485790
7826,9780141185540
7827,9780684848280
7828,9780307957280
7829,9780195019060
7830,9780743449670
7831,
7832,9780848809970
7833,9781576469120
7834,9780061957960
7835,9781512038570
7836,9780812967200
7837,9780470581780
7838,9780141197940
7839,9780743289800
7840,9780440975340
7841,9780449225160
7842,9780156032740
7843,9780778315340
7844,9780060198820
7845,9781591846350
7846,9780060892010
7847,9781481420760
7848,9781841959150
7849,9780310214690
7850,9780064431840
7851,9781416586580
7852,9780842339650
7853,9780688170270
7854,9780312942300
7855,9780061043550
7856,9780743276950
7857,9780425256760
7858,9780395867860
7859,9780812968230
7860,9780679747660
7861,9780714847990
7862,9783822837030
7863,9781421531720
7864,9780553574140
7865,9781607065970
7866,9780887306660
7867,9781250047340
7868,9780440211460
7869,9780679779180
7870,9781301120180
7871,9780857520200
7872,9780393312800
7873,9780684856360
7874,9780375727440
7875,9780062316870
7876,9781885167770
7877,
7878,9780670878550
7879,9780440867590
7880,9780060724610
7881,9780743218570
7882,9781742750020
7883,9780811835920
7884,9780785134530
7885,
7886,9780886774640
7887,9780671032650
7888,9780756401930
7889,9780312539510
7890,9780373771390
7891,9780688114500
7892,9780062067780
7893,9780886774000
7894,9781933615010
7895,9780590396430
7896,9780778319340
7897,9780062060750
7898,9780061730320
7899,9780140558650
7900,9780765327000
7901,9780804170730
7902,9780425252860
7903,
7904,9780345316510
7905,9780375868430
7906,9781840232040
7907,9780375724430
7908,
7909,9780573613320
7910,9780688172180
7911,9780425197950
7912,9781101983800
7913,9789707311170
7914,9780553392320
7915,9781484705280
7916,9780316781470
7917,9780060838590
7918,9780307588650
7919,9780141383350
7920,
7921,
7922,9781595144290
7923,9780330343470
7924,9780385532360
7925,9780152010670
7926,9781416978930
7927,9780439670200
7928,9780525456070
7929,9780316369150
7930,
7931,9781607060760
7932,9780312983220
7933,
7934,9780441008650
7935,
7936,9780990490400
7937,9789770931360
7938,9780316097470
7939,9781625173430
7940,9780758216430
7941,9780345451900
7942,9781569242740
7943,9780142404250
7944,9780670025480
7945,9780785135820
7946,9780060512190
7947,9781433502420
7948,
7949,9781559702030
7950,9780374166850
7951,9780307021110
7952,9780140447970
7953,9781439157990
7954,
7955,9789793600700
7956,
7957,9780778314190
7958,9780399158280
7959,9780060564670
7960,9780765345010
7961,9780451458630
7962,
7963,9781400030260
7964,9781451686580
7965,9780451209140
7966,9781595324020
7967,9780061438300
7968,9780515142890
7969,9780451217420
7970,9780684852220
7971,9781557830660
7972,9780345450720
7973,
7974,9780800871860
7975,9780545142990
7976,9780749934410
7977,9780310245730
7978,9780061727660
7979,9781501141520
7980,9781476762620
7981,9780590396560
7982,9780425197230
7983,9780425215750
7984,9780062363600
7985,9781861977690
7986,9780446500040
7987,9780356501500
7988,9780670064180
7989,9780553499090
7990,9781406790280
7991,9780007120680
7992,9780061869720
7993,
7994,9781881273650
7995,9781400077090
7996,9780425203000
7997,9780451528710
7998,9780395755310
7999,
8000,9780060556570
8001,
8002,9781416566380
8003,9780545298440
8004,9781931514800
8005,9780451465280
8006,9781478927940
8007,9781408808870
8008,9780749934440
8009,9780060594770
8010,9780440229090
8011,9781420927000
8012,9780743268580
8013,9780803741710
8014,9780671700750
8015,9780618711670
8016,9780385337630
8017,
8018,9780140086840
8019,9780307594170
8020,9781632156750
8021,9780888994160
8022,9780778314480
8023,9781582346180
8024,9780062132530
8025,9780802141320
8026,9781416516860
8027,9781576739750
8028,9780553586380
8029,9780804137170
8030,9780743484280
8031,9780439108390
8032,9780373250740
8033,9780060938120
8034,9781591841000
8035,9780756403140
8036,9780399157770
8037,9780486270650
8038,9780345340440
8039,9780753819490
8040,9780349400200
8041,
8042,9780312949820
8043,9780373212060
8044,9780385755920
8045,9780141006570
8046,9781594487160
8047,9780451037700
8048,9780718147720
8049,9780553580300
8050,9780749909060
8051,9781400066220
8052,9780714840830
8053,9780312966200
8054,9780007191480
8055,9780060267890
8056,
8057,9780006499470
8058,
8059,9780399162600
8060,9780345528930
8061,9780770435620
8062,9780451460420
8063,
8064,9781591840530
8065,9780062359990
8066,9780451218470
8067,9780765354940
8068,9780425119850
8069,9781573223590
8070,9780316210980
8071,9780330412740
8072,9780380704420
8073,9780061257060
8074,9781401210010
8075,9780099498580
8076,9780515140880
8077,9781607063930
8078,9781582406980
8079,9780156226000
8080,9780671789460
8081,9780020248710
8082,9780373210050
8083,9780232520780
8084,9780393324860
8085,9780590396060
8086,
8087,9780060733490
8088,9781416521840
8089,
8090,9780297775350
8091,9780312385190
8092,9781439183370
8093,9780553582900
8094,9780345423290
8095,9781416985790
8096,9780452156620
8097,9781563896450
8098,9781841496050
8099,9780440910820
8100,9780316036060
8101,9781416577580
8102,9780399170900
8103,9780886773780
8104,9780763628120
8105,9781455554590
8106,9780399256200
8107,9781598185220
8108,
8109,9781401210820
8110,
8111,9780689863620
8112,9781582408260
8113,
8114,9780679733780
8115,9780140248920
8116,9780062422960
8117,9781563895680
8118,
8119,
8120,9780060688240
8121,9780307265720
8122,9780758254090
8123,9780545298440
8124,9780385528080
8125,9780843960430
8126,9780099453450
8127,9780099479150
8128,9780449004840
8129,
8130,9780718152440
8131,9780425197390
8132,9780451454250
8133,9780743484190
8134,9780425210820
8135,9780441014770
8136,9780553578550
8137,
8138,9781474601570
8139,9780525426360
8140,9780060898530
8141,9780345301120
8142,9780060757630
8143,9780380726300
8144,
8145,
8146,9780425138240
8147,
8148,9780060880120
8149,9780451530100
8150,9780345432410
8151,9780062103730
8152,9780330311730
8153,9780763618990
8154,9780886774260
8155,
8156,9780425173910
8157,9781582404970
8158,9781421506300
8159,9780785122140
8160,9780375714500
8161,9780670557110
8162,9780192834410
8163,9780330314920
8164,
8165,9780312890180
8166,9780812995220
8167,9780743250450
8168,9780395957770
8169,9780316098120
8170,9780689806990
8171,9780061231420
8172,9781591169900
8173,9780810949140
8174,195170342
8175,9780679783480
8176,9780688172370
8177,9780345467810
8178,
8179,9781861977170
8180,9780316240000
8181,9781401204460
8182,9780307730700
8183,9781434764330
8184,9780385682820
8185,9780345435750
8186,9780340752460
8187,9781884214490
8188,9780140189420
8189,9780451209440
8190,9780316176040
8191,9789381626720
8192,9780140568200
8193,9781250039810
8194,9780440240950
8195,9780375435480
8196,9780618585330
8197,9781416936400
8198,9780062311120
8199,9780312939780
8200,9781926760680
8201,9781400049360
8202,9781591163600
8203,9780060589360
8204,
8205,
8206,9780061626320
8207,9781582870950
8208,9780451234860
8209,
8210,9780698400020
8211,9780060525130
8212,9780802131870
8213,9780745917440
8214,9781593072960
8215,9780007120840
8216,9780425160980
8217,9780785267230
8218,9780590590890
8219,9780373210990
8220,9780375504880
8221,9780811209590
8222,9780553100360
8223,9784103534240
8224,
8225,9780060724570
8226,9780140435470
8227,9780312591850
8228,9780385524930
8229,9780142000950
8230,9781451672720
8231,9781554682740
8232,9780060731430
8233,9780141183050
8234,9781401232080
8235,9781594488410
8236,9780425204340
8237,9781455525900
8238,9780670022200
8239,9780060723510
8240,9780440244510
8241,9780810916100
8242,9780891343370
8243,9781401213170
8244,9780451462000
8245,9780586026200
8246,9780679450820
8247,6221102019420
8248,9781450572380
8249,9781564782140
8250,9780375424500
8251,9780060827620
8252,
8253,9780867199030
8254,9781439102410
8255,9781594206630
8256,9781423337450
8257,9780670062410
8258,9780345547490
8259,9780810949800
8260,9780399216190
8261,9780316065760
8262,9780140367360
8263,
8264,9780671000320
8265,9780062380880
8266,9780062003940
8267,9780425226740
8268,9781481404550
8269,9780727853420
8270,9781423121720
8271,9780802120200
8272,9780345465290
8273,9781451655780
8274,9781533134130
8275,9781857231080
8276,9780743487670
8277,9780316113790
8278,9780547229900
8279,9780152024180
8280,9780099448880
8281,9780553264910
8282,9781476799210
8283,9780670038310
8284,9780749932950
8285,9781401212410
8286,9780684800010
8287,9780810993590
8288,9780345519470
8289,9780679736640
8290,9781580628360
8291,9780345477480
8292,9781847561910
8293,
8294,9780765309420
8295,9780743217190
8296,9780767901570
8297,
8298,9780316014530
8299,
8300,9780062338300
8301,9780399158810
8302,9780743435740
8303,9781936365530
8304,9781250019690
8305,9780965913220
8306,9780575073610
8307,
8308,9780882706310
8309,9780452264010
8310,9780340863690
8311,9781250076920
8312,9780006280940
8313,9781598878740
8314,9780670016390
8315,
8316,9780140284130
8317,9780786901890
8318,9780446402410
8319,9780307272580
8320,9780345495170
8321,9781421506260
8322,9781401324440
8323,9780805080760
8324,9780425183240
8325,9781476791620
8326,9780062285510
8327,9780718155190
8328,9780062216360
8329,9780375758230
8330,9780385613510
8331,9780439717010
8332,9780439441730
8333,9780345530420
8334,9780142002030
8335,9780062291400
8336,
8337,9780141181360
8338,9780618829260
8339,9781439133910
8340,9780752865360
8341,9780061944390
8342,9781467964400
8343,9780804467250
8344,
8345,9781451650050
8346,9780345532830
8347,9780805077640
8348,9780393062620
8349,9780446677160
8350,9780739318930
8351,9780425227950
8352,9780385535040
8353,9780670077040
8354,9780060827650
8355,9781400033880
8356,9780452286110
8357,9780140436140
8358,9780439858020
8359,
8360,9780449206520
8361,9780330487150
8362,9780553447440
8363,
8364,
8365,9781447256240
8366,9780449911600
8367,9780375714670
8368,9780618665460
8369,9781416554950
8370,9780545054740
8371,9780451190550
8372,9789792257810
8373,9780439925500
8374,9781452106560
8375,9780684824710
8376,9788370541290
8377,9780425185470
8378,9781599908730
8379,9780812997540
8380,9780751534560
8381,
8382,9780060540940
8383,9780374386150
8384,9780679767950
8385,9780316211340
8386,9780451210750
8387,9780099464690
8388,9780553290980
8389,9780802170380
8390,9780631231270
8391,
8392,
8393,9780312187150
8394,
8395,
8396,9780609804610
8397,9780060521610
8398,9780425212010
8399,9780312997120
8400,9780553374120
8401,9780006473300
8402,9780425243920
8403,9780671739160
8404,9780679724540
8405,9780385338900
8406,9780345324400
8407,9781442364460
8408,9780575100140
8409,9780802122510
8410,9780374116350
8411,9780890420260
8412,9780006514950
8413,9780312850530
8414,9781423183100
8415,9781413903170
8416,9780803283860
8417,9780385529370
8418,9780340833840
8419,9780843949520
8420,9781401200600
8421,9780778313660
8422,9780743292510
8423,9780142500590
8424,9780345507460
8425,9780553803200
8426,
8427,9780307393880
8428,9781405204670
8429,9780061742670
8430,9781400031600
8431,9780440225450
8432,9780380817930
8433,9780802715520
8434,9780451470900
8435,9780446697440
8436,
8437,9781414358470
8438,9780763644110
8439,9780345477250
8440,9780974960910
8441,
8442,
8443,9781606840580
8444,9780553807140
8445,9780380706140
8446,9780446695640
8447,
8448,9780812532590
8449,9780061706550
8450,9780451412710
8451,9780805423520
8452,9780679772670
8453,
8454,9785559608470
8455,9780060256580
8456,9780060997020
8457,9780345468700
8458,9780373776990
8459,
8460,9780886774010
8461,9781250010130
8462,9780545415070
8463,9781416575640
8464,9780340752470
8465,9780842332350
8466,9789953715100
8467,9780399159310
8468,9780399157710
8469,9780679759320
8470,9780452276730
8471,9780553211580
8472,9781888009030
8473,9781250021530
8474,9780446695700
8475,9780312147010
8476,9780373210050
8477,9780141319630
8478,9780689717380
8479,9780340682390
8480,9789791227450
8481,9781416983310
8482,9780345491140
8483,9781490332740
8484,9780142401450
8485,9780670020480
8486,9780670025770
8487,9781484721350
8488,9781482658150
8489,9781416544180
8490,9780345459210
8491,9780345397680
8492,9780375755190
8493,9780062048550
8494,
8495,9780671876460
8496,9780312363050
8497,9781596914520
8498,9782246760020
8499,9780062305190
8500,
8501,9780345540870
8502,9780061797090
8503,9780679417380
8504,9781406507880
8505,9780316097390
8506,9780441010290
8507,9780778325640
8508,9780141186160
8509,9781475145570
8510,9780689857970
8511,9781479207120
8512,
8513,9780670032080
8514,9780671888590
8515,9780307461190
8516,9780140280460
8517,9780446696170
8518,
8519,9780385337380
8520,
8521,9780439874020
8522,9780399533460
8523,9780060007770
8524,9780874778880
8525,9780307270740
8526,9780439395620
8527,9781451649920
8528,9780446546320
8529,9780375727380
8530,9781442408620
8531,9780345419390
8532,9780156005200
8533,9780688044020
8534,9781484709020
8535,9781857239410
8536,9780345498200
8537,9781592400830
8538,
8539,9780345476870
8540,9780061728940
8541,9781410400960
8542,9780425204270
8543,9780689849240
8544,9780307459660
8545,9780553583600
8546,9780061131650
8547,9780385521730
8548,9780763655990
8549,9780761147480
8550,9780446580850
8551,
8552,9780842386880
8553,9780385530800
8554,9781423168230
8555,9781405208190
8556,9780099459060
8557,9780810994780
8558,9780316611690
8559,9781931514940
8560,9780757303340
8561,9781612187010
8562,9780380753020
8563,9780062429970
8564,9780192805620
8565,9780486424520
8566,9780758278430
8567,9781421506290
8568,9780980003440
8569,9781250029880
8570,9780192804750
8571,9780394584040
8572,9780312340710
8573,9780803737200
8574,9780805090060
8575,9781590388010
8576,
8577,9781935618040
8578,9780064440010
8579,9780399158830
8580,9781555977080
8581,9780316005270
8582,9780374106680
8583,
8584,9780758266940
8585,9780439050230
8586,9781401341700
8587,
8588,9780140097310
8589,9780850515020
8590,9780061160880
8591,9780553262150
8592,9780446500040
8593,9780060009430
8594,9780765332000
8595,9780062289250
8596,9780743281640
8597,9780810987880
8598,9780312291460
8599,9781421515630
8600,9783499237710
8601,9780062219690
8602,9780152002660
8603,
8604,9783822859710
8605,9780631227080
8606,9780811879540
8607,9780340894330
8608,9780752849200
8609,9780192723710
8610,9780689875460
8611,9780192836180
8612,9781563890530
8613,9781401341760
8614,
8615,9780749955920
8616,9786030150600
8617,9781585678440
8618,9780679730020
8619,9780061998160
8620,9780394839740
8621,9780062333050
8622,
8623,9780345379180
8624,9780399155990
8625,9780449911940
8626,9780060562250
8627,9780330344950
8628,9781250067840
8629,
8630,9781587672290
8631,9780752858630
8632,9781565125520
8633,9780140449210
8634,9781627761310
8635,9780140294290
8636,9780345479330
8637,9780060519570
8638,9781416593390
8639,9781594205350
8640,9780061043500
8641,9781743484950
8642,
8643,9780060082090
8644,9781846058320
8645,9780451463070
8646,9780984857400
8647,9780394758250
8648,9780439673630
8649,9780525954570
8650,9781401211040
8651,9780886778450
8652,9780786814180
8653,9780156031620
8654,9780345501740
8655,9780316043010
8656,9780743484250
8657,9780425266860
8658,9780062209850
8659,9780767902850
8660,9780451236720
8661,9780062007280
8662,9780446610380
8663,9781613778530
8664,9780743265230
8665,
8666,9780618446870
8667,9780345327860
8668,
8669,9780060283250
8670,9780345511290
8671,9780062454970
8672,9780316261240
8673,9780312359670
8674,9781250002820
8675,9780440220430
8676,9780374299260
8677,9780671038540
8678,
8679,9780385342940
8680,9780842386880
8681,9780552998770
8682,9780140449440
8683,9780307395000
8684,
8685,9781250111170
8686,9780486437510
8687,9780393307610
8688,9780451163940
8689,9780778325500
8690,9780670020580
8691,9780312571250
8692,9780802135780
8693,9780312576980
8694,9780399154710
8695,9781423157310
8696,9780802130910
8697,9780156030370
8698,9781250077690
8699,9780723247340
8700,9780606300540
8701,9789509051380
8702,9780425223250
8703,9780743254430
8704,9780735102870
8705,9781439134340
8706,9781847376180
8707,9780310240500
8708,9781937007290
8709,9780755358790
8710,9780345505710
8711,9780345543130
8712,9781419717020
8713,
8714,9780786813070
8715,9780061784800
8716,9780571225360
8717,9780802118580
8718,9780062240190
8719,9780451410820
8720,9781463756970
8721,9780743262130
8722,9780062277020
8723,9781620402760
8724,9780061256680
8725,9780385366430
8726,9780543896600
8727,9780399157230
8728,9780671729400
8729,9780756403010
8730,9781439156340
8731,9780316899990
8732,9780802472960
8733,9780968709180
8734,9780316701340
8735,9780345417960
8736,9781401322910
8737,9781560974320
8738,9780452275040
8739,9780007350480
8740,9781419122120
8741,9780062227320
8742,9780099409960
8743,9781595828750
8744,9781505724520
8745,9780552551310
8746,9780064440520
8747,9780743235270
8748,
8749,9780061990660
8750,9780788720390
8751,9780399160460
8752,9780671725820
8753,9780440409410
8754,9780061767890
8755,
8756,9781416549970
8757,
8758,9781476778010
8759,9780399157580
8760,9780486275440
8761,9780439679960
8762,9781476776070
8763,9780312983280
8764,9780316032220
8765,9780312989770
8766,9780765340790
8767,9780345418530
8768,9780517502910
8769,9780425272350
8770,2940011080650
8771,9780140547120
8772,9780062325340
8773,9780805445530
8774,9780140504200
8775,9781515303950
8776,9780143035060
8777,9780316002930
8778,9780007419490
8779,9780451217460
8780,9780545240770
8781,9780446695670
8782,9781400034700
8783,9780553297980
8784,9781595541820
8785,9780399164420
8786,9780743431680
8787,9780142501080
8788,9780679761040
8789,9780767921990
8790,9780425161240
8791,9780425178100
8792,9780486434090
8793,9780312348720
8794,9780141320630
8795,9780316909690
8796,9780399162370
8797,9780062081900
8798,9780449138240
8799,9780380008320
8800,9780375834870
8801,9780743231510
8802,9780143036940
8803,9780307716540
8804,
8805,9780876855970
8806,9780312980380
8807,9781250054050
8808,
8809,9781451688380
8810,
8811,9780345452890
8812,9789735004100
8813,
8814,9780786886330
8815,9780872862100
8816,9780399155830
8817,9780099417480
8818,9780099449900
8819,9780679722010
8820,9780446574500
8821,9780140157550
8822,9780399164440
8823,9780553384110
8824,9780425152900
8825,
8826,9781563897770
8827,9781908844960
8828,9780805095840
8829,9780451190530
8830,9780743484350
8831,9781556520750
8832,9780060596380
8833,9780899190360
8834,
8835,
8836,9780446539260
8837,9780142002060
8838,9780060594530
8839,
8840,9780142437280
8841,9780061238960
8842,9780375836570
8843,9780345495810
8844,9781595143370
8845,9781439172960
8846,9780375423730
8847,9780385333210
8848,9780440236920
8849,9780743457930
8850,9780394758270
8851,9780425255700
8852,
8853,9780425157530
8854,9780842339520
8855,9780753511000
8856,9780064401520
8857,9780142302260
8858,9780312983600
8859,9780060653200
8860,9780515122730
8861,9780345454940
8862,9780698193030
8863,9780449214720
8864,9780142003250
8865,9780671733410
8866,9781423101960
8867,9780385265560
8868,9780002310020
8869,9780062414090
8870,9780142400590
8871,9781846164260
8872,9780743430330
8873,9780749391680
8874,9780385526360
8875,9780689855540
8876,9780670021480
8877,9780375751110
8878,9780060751580
8879,9780671723220
8880,9781563897220
8881,9780307959880
8882,9789643113440
8883,9780671019710
8884,9780230015910
8885,9780062333000
8886,9780312965330
8887,9780451465110
8888,9781406501060
8889,
8890,9781591826040
8891,9780060859510
8892,
8893,9780441011250
8894,9780739329180
8895,9780062377180
8896,9780198320040
8897,9780380756280
8898,9780743454160
8899,9780140424510
8900,9780062083400
8901,9780297853270
8902,9781594481440
8903,9780743200400
8904,9781857230310
8905,9781400065940
8906,9780486287590
8907,9780679723000
8908,9781559703610
8909,9780062076110
8910,9781599901090
8911,
8912,9781439166640
8913,9780061953380
8914,9780547576720
8915,9780670034730
8916,9780140422080
8917,9781414334100
8918,9781301895620
8919,9780062280560
8920,9780671027640
8921,9780976165910
8922,9780803731550
8923,9780375719200
8924,9780670882790
8925,9780988262590
8926,9781250038820
8927,9780547548100
8928,9780385494230
8929,9780393062360
8930,9780743233220
8931,9781596912520
8932,9781440503250
8933,9781476755720
8934,9780767923830
8935,9780316094610
8936,9780385529980
8937,9781857933370
8938,9781250034600
8939,9780753821790
8940,9780374249400
8941,1230000005500
8942,9781599908440
8943,9781627790730
8944,9780812508640
8945,9780752848270
8946,9789646534780
8947,9780915297020
8948,9781596434460
8949,9780140441060
8950,9780747589370
8951,9780140376420
8952,
8953,9780439568460
8954,
8955,
8956,9780439568420
8957,9780767928880
8958,9780373211400
8959,
8960,9780385535780
8961,9780345418420
8962,9780525422240
8963,9780006161420
8964,9781400064990
8965,9780451527300
8966,9780749935080
8967,9781455559310
8968,9780061134100
8969,9780439339090
8970,9781886778540
8971,9780147515020
8972,9780743296790
8973,9780099592420
8974,9780061732380
8975,9780393313960
8976,9780896214410
8977,9781416599070
8978,9781417642120
8979,9781904633690
8980,9780316113570
8981,9781476749070
8982,9781401216860
8983,9780385518680
8984,9780446359690
8985,9780553807170
8986,9780553807130
8987,9780425136980
8988,9780007256750
8989,9780552548920
8990,9780061991040
8991,
8992,9780060817330
8993,9781442413150
8994,9781439102440
8995,9780441012400
8996,9780679735250
8997,9780307593500
8998,9782266071280
8999,9780674024460
9000,9780743484340
9001,9780061939890
9002,9780761117190
9003,9781416984480
9004,9780679729460
9005,9780062325400
9006,9780826328090
9007,9780373210020
9008,9780099437600
9009,
9010,9780439858040
9011,9781550229780
9012,
9013,9781606841440
9014,9780071373590
9015,9780425237790
9016,9781419935950
9017,9780375714690
9018,9781559363300
9019,9780886779060
9020,9780553593620
9021,9780060988650
9022,9780312858860
9023,9780230703960
9024,9781559362310
9025,9780375724370
9026,9780553582930
9027,
9028,9780316406820
9029,9781477823480
9030,
9031,9780345519510
9032,9780201616220
9033,
9034,9780356504260
9035,
9036,9780142003800
9037,9781401219220
9038,9781592401820
9039,
9040,9780316407040
9041,9781301985300
9042,9780385352090
9043,9780440114340
9044,9780679410510
9045,9780394873340
9046,9781402245860
9047,9780553589480
9048,9780439321620
9049,9780895941220
9050,9780316200980
9051,
9052,9781250045640
9053,9780399163610
9054,9780374271560
9055,9780618640140
9056,9780312575940
9057,9781846054720
9058,9780345444070
9059,9781416548480
9060,9781847673760
9061,9780060097910
9062,9781426858320
9063,9780688149000
9064,9780547250250
9065,9780060755800
9066,9780060774130
9067,
9068,9780743484300
9069,9780439771240
9070,9780316154380
9071,9780749732100
9072,9780385353780
9073,9780380005250
9074,9780380803280
9075,9781599904790
9076,9780402366170
9077,9780547738480
9078,9780394740680
9079,9781573458720
9080,9780451201030
9081,9780060514100
9082,9780312286260
9083,9781573223560
9084,9780812975290
9085,9780375421880
9086,9780553575420
9087,9780618750440
9088,9780679824120
9089,
9090,9789792239840
9091,9780060779630
9092,9781421506270
9093,9781423116970
9094,9781451648450
9095,9780785729020
9096,9781595540550
9097,9781451697380
9098,9780061714320
9099,9781310501590
9100,9780060959560
9101,2940014631810
9102,9780345441780
9103,9781857231040
9104,9780060795480
9105,9780988941910
9106,9781409522010
9107,9781414339370
9108,
9109,
9110,9781596434880
9111,9780375703410
9112,9780736423080
9113,9780312352190
9114,9780404051100
9115,9780446564330
9116,9780451199930
9117,9780440243400
9118,9781595231030
9119,9780345396690
9120,9780307021850
9121,9780345526660
9122,
9123,9781400032920
9124,9780394837370
9125,9781844285080
9126,9781563895290
9127,9781585101440
9128,9780312546600
9129,9780099436930
9130,9781613125340
9131,9780007350490
9132,9780552143550
9133,9780786939500
9134,9780310210060
9135,9781439148010
9136,
9137,9781577344670
9138,9780738703920
9139,9780517219030
9140,9780553806620
9141,9780575097360
9142,9781439150010
9143,9780060539090
9144,9780446606240
9145,9780316098860
9146,9780007325950
9147,9780451190540
9148,9780821780660
9149,9780451411520
9150,9780857520660
9151,9780590442880
9152,9780375828200
9153,9780373210330
9154,9780316211180
9155,9780553576800
9156,9780803710400
9157,9780345440780
9158,9780156007470
9159,9780380790070
9160,9780425246960
9161,9781421500620
9162,9780312346060
9163,9780345524940
9164,
9165,
9166,9780061735070
9167,
9168,9780778324520
9169,9781615731080
9170,9780446699460
9171,9780312932790
9172,9780099461100
9173,9780743428190
9174,
9175,9780345354910
9176,9780310263460
9177,9780007245830
9178,9780140131680
9179,9780062118690
9180,9780425128170
9181,
9182,9780374180650
9183,9781455530090
9184,9780758232010
9185,9780446550000
9186,9780312932820
9187,9781400066120
9188,9780061187840
9189,9780439700410
9190,9781442472050
9191,9780151010400
9192,9780553819880
9193,9780061128650
9194,9780723247750
9195,9780380752850
9196,9780452298380
9197,9780394757640
9198,9780440208140
9199,9780345476140
9200,9780439846690
9201,9780505525540
9202,9781476751440
9203,9781563895650
9204,9780143036590
9205,9781846687750
9206,9780060564780
9207,
9208,9781596435740
9209,9780803740170
9210,9780394800520
9211,9781439177520
9212,9780671522810
9213,9781401210010
9214,9780374299220
9215,9780679776600
9216,9780345484090
9217,9780679457140
9218,9780062071160
9219,9780785229190
9220,9781932740080
9221,
9222,9780143034670
9223,9788489163420
9224,
9225,9780345299120
9226,
9227,9781416563070
9228,9780545140970
9229,9780375870640
9230,9780307021690
9231,9780830737840
9232,9780140156040
9233,9780743457910
9234,9780061473130
9235,
9236,9780446674580
9237,9780755331420
9238,9781401202520
9239,9780618065680
9240,9781400097040
9241,9781590384980
9242,9781479359080
9243,9780300108840
9244,9781452365860
9245,9781591826060
9246,9781416543080
9247,9780385264660
9248,
9249,9780671794380
9250,9780805098240
9251,9780743482870
9252,9780634078810
9253,9780449208400
9254,9780060935790
9255,9781934169230
9256,9781481268510
9257,
9258,9781402271520
9259,9781442403390
9260,9781451673450
9261,
9262,9780830819710
9263,9780547054840
9264,9781400068100
9265,9780752853710
9266,
9267,9780316010370
9268,9780061094150
9269,
9270,9780441005830
9271,9780800733420
9272,9780060560160
9273,9780451229860
9274,9780007331900
9275,9781565547060
9276,9781627795940
9277,9780765301080
9278,
9279,9781476717100
9280,9780345434880
9281,9780521010760
9282,9780345548510
9283,9780812694550
9284,9780425227700
9285,9780312594440
9286,9780297869870
9287,9780349117620
9288,9780446615750
9289,9780843950500
9290,9781563899290
9291,9780345410090
9292,9781585425520
9293,9781501106410
9294,9781414336240
9295,9780380713810
9296,9780465016910
9297,9780573613430
9298,9780345354910
9299,9780375424860
9300,9780316182740
9301,9780310247560
9302,9780330489680
9303,9780374521510
9304,9780140446360
9305,9780345527950
9306,9781476761660
9307,9780142404620
9308,9780020425660
9309,9780062064230
9310,9781595540060
9311,9780521626960
9312,9781455525930
9313,9780375703710
9314,9781780890130
9315,9780758246820
9316,9781414310600
9317,9780743253420
9318,9781414310570
9319,9781421536700
9320,9781841956720
9321,9784592184710
9322,9780785229220
9323,9780140014460
9324,9780571234610
9325,9781250000250
9326,9781533344340
9327,9780545010090
9328,
9329,9780857382210
9330,9780345484120
9331,9780060815710
9332,
9333,9780553282090
9334,9780440240970
9335,9780312537400
9336,9780671010130
9337,9780060899680
9338,9781416978950
9339,9781414310600
9340,9780553535650
9341,9780316011850
9342,9780505525530
9343,9780312875050
9344,9780553803520
9345,9789710573650
9346,9780061351520
9347,9781401900120
9348,9780061143310
9349,
9350,9780785273230
9351,
9352,9780689873800
9353,9781476745370
9354,9781419700280
9355,9780373210340
9356,9783552060420
9357,9780439783610
9358,9780671019750
9359,9781400078970
9360,9780140258620
9361,9780142400010
9362,9781416589430
9363,9780425176660
9364,9780062021270
9365,9781439191380
9366,9780671702500
9367,9781419702170
9368,9780671737830
9369,9781250065930
9370,
9371,9780142501090
9372,9780375829700
9373,
9374,9780345520490
9375,9780071484990
9376,9780380016650
9377,9780425238200
9378,9780439706380
9379,9780316735510
9380,9780062049870
9381,9780312643000
9382,9780451461520
9383,9780937295810
9384,9780571215290
9385,9781401226920
9386,9780385721810
9387,9780062279870
9388,9780006478970
9389,9780061043540
9390,9780778324830
9391,9781582344520
9392,9780812995340
9393,9780399156820
9394,9781935089440
9395,9780385733140
9396,9781847445210
9397,9780441011130
9398,9781857988370
9399,9780385343860
9400,9780007120710
9401,9781595328920
9402,9780340796180
9403,9780440210700
9404,9780340796180
9405,9780751505540
9406,9780345480260
9407,9780553248650
9408,9780451451800
9409,9780440900570
9410,9780345537260
9411,
9412,9781311736420
9413,
9414,9780440246110
9415,9780451463720
9416,9780743496970
9417,9780525477550
9418,9780307273600
9419,9781414336060
9420,
9421,9780719569520
9422,9780385538510
9423,9780552163290
9424,9780441011250
9425,9781594487480
9426,2940012482140
9427,9780345545960
9428,9780002246190
9429,9780553568010
9430,9780440244060
9431,9780399154390
9432,9780143036530
9433,9780345419580
9434,9780380803260
9435,9780670913500
9436,9780307393840
9437,9780393346770
9438,9781905294430
9439,9780316013310
9440,9780451210460
9441,9780785122460
9442,9780060959520
9443,9781573451990
9444,9788756795460
9445,
9446,9780007345630
9447,9781857232520
9448,9781936305380
9449,9781595542780
9450,9780061561560
9451,9780060740690
9452,9780099366610
9453,9780143035080
9454,9780451216720
9455,9780140437420
9456,9780345339260
9457,9781595324090
9458,9780785165640
9459,9780553345390
9460,9780349102630
9461,9780061119060
9462,9781608196260
9463,9780553293420
9464,9780373773560
9465,9780785107870
9466,
9467,
9468,9780425189860
9469,9781572703860
9470,9780553499160
9471,9780060094900
9472,9780143039330
9473,9788408057240
9474,
9475,9781595540070
9476,9781572703930
9477,9780062122550
9478,9780140951450
9479,9781927925160
9480,9780786943400
9481,9780345419380
9482,9780684833770
9483,9781400031010
9484,9781444736940
9485,
9486,
9487,9782081246330
9488,9780399164450
9489,9780689857710
9490,9780375840910
9491,9780060774070
9492,9781250024110
9493,9780515126080
9494,9780451199900
9495,9781449401160
9496,9780307119480
9497,9780373250110
9498,9780440241610
9499,9780441014020
9500,9780312656290
9501,9780062318470
9502,9780679434480
9503,9780345436830
9504,9780356508370
9505,9781782115080
9506,9780307272100
9507,9781416563100
9508,9780515124640
9509,9780064408330
9510,9781427206050
9511,9780670020870
9512,
9513,9780143035370
9514,9781594487870
9515,9780385528080
9516,9780060586380
9517,9780143035700
9518,9780525951360
9519,9780375705200
9520,9781476706120
9521,9780747598690
9522,9780425208140
9523,9780385538040
9524,9780671004230
9525,9780812508420
9526,9780671877840
9527,9780316197080
9528,9780399170870
9529,9781451617860
9530,9780312939170
9531,9780300107890
9532,9780140350420
9533,9780802141900
9534,9780743296880
9535,
9536,9781598160240
9537,9780091933680
9538,9781596060200
9539,9780615651020
9540,
9541,9780981546260
9542,9780060835280
9543,9781479372740
9544,9780440993710
9545,9780425174400
9546,9780061779790
9547,9781476763120
9548,
9549,9780140445500
9550,9781401308220
9551,9780545448680
9552,9781847679440
9553,9781612629410
9554,9780805077740
9555,9789776337590
9556,9780446616420
9557,9780694004930
9558,
9559,9780743525880
9560,9780441017090
9561,9780688104640
9562,9780446618760
9563,9780942299790
9564,9780786836610
9565,9780316261140
9566,9781417642170
9567,9780374316420
9568,9780743413080
9569,9780062498530
9570,9789992195840
9571,9780345511560
9572,9780988474410
9573,9780670012250
9574,9780571242440
9575,9780671876810
9576,9781584230700
9577,9780552139140
9578,9781593070200
9579,9780375703870
9580,9781682309810
9581,9780441015670
9582,9780804188240
9583,9780373210280
9584,9780060531260
9585,9780805078980
9586,9781841495930
9587,9780156010860
9588,9781400043930
9589,9781553379590
9590,9780312351750
9591,9781101623210
9592,9780553589450
9593,9780425220160
9594,9780061689380
9595,9781101965500
9596,9780061767630
9597,9780451464100
9598,9780759530480
9599,9780435122120
9600,9780345476030
9601,9781563893160
9602,9780380721640
9603,9780758220360
9604,9780385532920
9605,9781593080760
9606,9780060751590
9607,9781841493340
9608,9780871297490
9609,9780812508440
9610,9789774881300
9611,9780545654750
9612,9780679783180
9613,9780778316340
9614,9780345478990
9615,9780395861620
9616,9781416520400
9617,9780842387440
9618,9781420103730
9619,
9620,9780374518170
9621,9780743299850
9622,9780345483900
9623,9780743297320
9624,9780865475880
9625,9780449004030
9626,9781563896280
9627,9780547330790
9628,9780061092040
9629,9780345427050
9630,9780316010760
9631,
9632,9781416546020
9633,9780062332580
9634,9780062237380
9635,9780345505700
9636,9780689867460
9637,9780307271860
9638,9780316234560
9639,9780345485600
9640,9780399157300
9641,9780571313240
9642,9780141183720
9643,9780765326580
9644,
9645,9780679735720
9646,
9647,9780141300510
9648,9780385333800
9649,9780140435720
9650,9780385475780
9651,9781455531190
9652,9780988573220
9653,9780812511760
9654,9780316044740
9655,9780671704650
9656,9780061229770
9657,9780399154220
9658,9780575077160
9659,9781405915300
9660,9781401203500
9661,9780064401490
9662,9781439147990
9663,9780007201100
9664,9780316358320
9665,9780763612310
9666,9780385347370
9667,9780394719860
9668,9780316043960
9669,9780316242900
9670,9780345479170
9671,9780749744820
9672,9780439858040
9673,9781591826060
9674,
9675,9780553580330
9676,9780399156240
9677,9780446580300
9678,9781622668990
9679,9780140441640
9680,9780804140840
9681,9781462003920
9682,9781416935710
9683,9789992195760
9684,9780399156040
9685,
9686,9780340796150
9687,9780330519470
9688,9781590304500
9689,9780375701240
9690,9783822859830
9691,9780385482390
9692,9780451232690
9693,
9694,9780451225090
9695,9781421515880
9696,9780316196480
9697,2940011191210
9698,9780007158520
9699,9780553286280
9700,9781422188610
9701,9781484724990
9702,9780618250740
9703,
9704,9780316115000
9705,
9706,
9707,9780571198770
9708,9780316115050
9709,9781451668210
9710,9780333761180
9711,9780451458260
9712,9780425270690
9713,
9714,9780553344870
9715,9781400096690
9716,9780425182130
9717,9780330411980
9718,9780449014390
9719,9780340895930
9720,9781590170570
9721,9780142002800
9722,9780345418000
9723,9780765312820
9724,9780439998190
9725,
9726,9781555976710
9727,9780060532840
9728,9780425280120
9729,9781937248090
9730,9781421512020
9731,9780446695660
9732,9780517548230
9733,9781849013760
9734,9780340911720
9735,
9736,9780062413710
9737,9780451452310
9738,9781250083210
9739,9780765354710
9740,9780955944680
9741,9781607063290
9742,9780689855440
9743,9780767904420
9744,9780064404780
9745,9781612187140
9746,9780394823960
9747,9780749929000
9748,9780330369040
9749,9780765312920
9750,9780374280600
9751,9780891072930
9752,9780525423060
9753,9780439598450
9754,9780679725310
9755,9781500607530
9756,9780062198890
9757,9780399234160
9758,9780586057250
9759,9780393329410
9760,9780764223300
9761,9780141185860
9762,9780446677460
9763,9780312555120
9764,9780553283940
9765,9780743226750
9766,9780375758120
9767,9780140504420
9768,9780446676980
9769,9781442442280
9770,9789776297060
9771,9781250034590
9772,9780345472460
9773,9780060776010
9774,9780007325990
9775,9781401226960
9776,9781250045640
9777,
9778,9781406800170
9779,9780785122590
9780,9780575081570
9781,9781427814040
9782,
9783,9781401242340
9784,9780871401540
9785,9782081208160
9786,9780778313460
9787,9781476738960
9788,9780525427650
9789,9780553277400
9790,9780553379010
9791,9781501105430
9792,9780385539590
9793,9780393321980
9794,9780007154620
9795,9780778324100
9796,9780064440510
9797,9780399160480
9798,9781591164430
9799,
9800,9780735814870
9801,9789875661610
9802,9780307977940
9803,9780394865710
9804,9780230711260
9805,9780671027580
9806,9781421534540
9807,9781518783880
9808,9781401301380
9809,9781607749720
9810,9780399153940
9811,9780062101310
9812,9780099465640
9813,9781571316520
9814,9780553298020
9815,9780307460450
9816,
9817,9780061229700
9818,9780717283540
9819,9781402179620
9820,9780312380760
9821,9780974461230
9822,9780744592700
9823,9780544303160
9824,9781414310560
9825,
9826,9780875420290
9827,9780778326430
9828,9780307265780
9829,
9830,9780802142110
9831,9781401324540
9832,9780440236160
9833,9780525952240
9834,9780060931800
9835,9780553582800
9836,
9837,9780525426040
9838,9780060827880
9839,9780413308600
9840,
9841,9780380815920
9842,9781250058900
9843,9780439858050
9844,
9845,9780345533230
9846,9780006640620
9847,9780307720660
9848,9780671578860
9849,9780385327910
9850,
9851,9781421513250
9852,9780752858650
9853,9781596430690
9854,9780743225750
9855,9780060874190
9856,9780679824240
9857,9781573225050
9858,
9859,9781516865870
9860,9780752837220
9861,9780142408650
9862,9780307397870
9863,9781857984990
9864,9780140298000
9865,9781401918740
9866,9780312933520
9867,9780689821810
9868,9780517086030
9869,
9870,9780060892050
9871,9780380712040
9872,9781474600160
9873,9780545208870
9874,9780060959680
9875,9780425200280
9876,9780670076090
9877,
9878,9780062183590
9879,9780399157320
9880,9780385741770
9881,9780440863690
9882,9781481422340
9883,9780670026470
9884,9785080039160
9885,9781439180970
9886,9780545310030
9887,9780307381260
9888,9780307237900
9889,
9890,9780425098610
9891,9789684114740
9892,9780749908900
9893,
9894,9780743411970
9895,
9896,9780385669860
9897,9781416927240
9898,9780758272830
9899,9781442397150
9900,
9901,9780446562420
9902,9780143038380
9903,9781844162950
9904,
9905,9780312264000
9906,9781421501920
9907,9780316020720
9908,9780156421360
9909,9780545812540
9910,9780394726250
9911,9780345424650
9912,9780439777340
9913,
9914,9780312651210
9915,9780553807190
9916,9780812998250
9917,9781451658020
9918,9780505527840
9919,9780140344430
9920,9780316197040
9921,9780811200420
9922,9780641645470
9923,9780451190570
9924,9780060519600
9925,9781582349180
9926,9780061935120
9927,9780812976530
9928,9780375509320
9929,
9930,9780061458580
9931,9780718154950
9932,9780310328180
9933,9780140565330
9934,9780967089740
9935,9780425204310
9936,9780061148480
9937,9781596435710
9938,9780061779760
9939,9781594487710
9940,9780316012390
9941,9788807813020
9942,9781442486590
9943,9780866114260
9944,9780670026560
9945,
9946,9780385413720
9947,9780062320520
9948,9781421511310
9949,9780743270600
9950,9781455533220
9951,9780061431620
9952,9780517038180
9953,9780451474480
9954,9781594745260
9955,9780802734370
9956,9780785116780
9957,9781416583400
9958,9780451230230
9959,
9960,9780739416390
9961,9780679749840
9962,9781580050750
9963,9780380795280
9964,9781408857400
9965,9780060182980
9966,9780312255000
9967,
9968,9780060005770
9969,9781771641490
9970,9780676979560
9971,
9972,9780099282970
9973,9780609805790
9974,9780553153380
9975,9781857236650
9976,9780778325800
9977,9780804113470
9978,9780679750150
9979,9780312940670
9980,9780764200730
9981,9780739455840
9982,9780385344420
9983,9782849659270
9984,9780140255090
9985,9780425176930
9986,9780310257680
9987,9780312651190
9988,9780674017730
9989,2940014746150
9990,9780140143910
9991,9780385425130
9992,9780575113300
9993,9780224079940
9994,9780810983560
9995,9781416523730
9996,9780441019460
9997,9780679733710
9998,9780393307630
9999,9780061711530
10000,9780375700450
